geography,2021,2022,2023,2024,2025,2026,2027,2028,2029,2030,2031,2024_scaling_fact,2026_scaling_fact,2030_scaling_fact,2024_scaled_BTN_places,2026_scaled_BTN_places,2030_scaled_BTN_places,2024_realistic_apps
E01016958,14.32143292,13.48712677,13.37358214,14.39054704,13.49700021,13.89687476,13.7537098,13.1909234,12.5639596,12.70712456,12.7367449,0.004936723,0.004936723,0.004936723,12.63801044,11.89750202,10.93484106,11.1409458424242
E01016908,25.99755438,24.48304673,24.27693031,26.12301656,24.5009699,25.22685818,24.96697225,23.94535171,22.80723058,23.06711651,23.12088601,0.008961584,0.008961584,0.008961584,22.94165433,21.59741677,19.84990795,20.2240478942149
E01016983,21.40876239,20.16157837,19.99184326,21.51207941,20.17633794,20.7741007,20.56008687,19.71879114,18.78155818,18.995572,19.03985073,0.007379787,0.007379787,0.007379787,18.89225498,17.78528692,16.34622843,16.6543294589532
E01016989,18.61297144,17.52865838,17.38108915,18.70279619,17.54149049,18.06119083,17.87512528,17.14369517,16.32885637,16.51492192,16.55341824,0.006416054,0.006416054,0.006416054,16.42509717,15.46268913,14.21155868,14.4794245024793
E01016919,13.65476515,12.85929624,12.75103716,13.72066198,12.86871007,13.24997032,13.11346974,12.57688124,11.97910283,12.11560341,12.14384491,0.004706917,0.004706917,0.004706917,12.04970658,11.34366908,10.42582034,10.6223308694215
E01016884,20.66788118,19.46385777,19.29999659,20.76762276,19.47810656,20.05518287,19.84857531,19.03639383,18.13159517,18.33820274,18.38094914,0.007124399,0.007124399,0.007124399,18.23846116,17.16980132,15.78054354,16.0779822898072
E01016941,4.990136687,4.699432413,4.659869109,5.014218698,4.7028727,4.842204334,4.792320169,4.596223795,4.377765553,4.427649718,4.43797058,0.001720144,0.001720144,0.001720144,4.403567707,4.145546162,3.810118153,3.88193296484848
E01016899,8.959829324,8.437867533,8.366831313,9.003068763,8.444044596,8.694215632,8.604648224,8.252555655,7.860312179,7.949879587,7.968410775,0.003088531,0.003088531,0.003088531,7.906640148,7.443360452,6.841096847,6.97004090181818
E01016998,23.29873477,21.94144894,21.75672957,23.41117265,21.9575115,22.60804494,22.37513791,21.45957232,20.43960013,20.67250717,20.72069483,0.008031277,0.008031277,0.008031277,20.56006929,19.35537773,17.7892787,18.1245789884298
E01016925,16.28400236,15.3353652,15.20626073,16.36258768,15.34659167,15.80126392,15.63848003,14.99857094,14.28568976,14.44847365,14.48215308,0.005613238,0.005613238,0.005613238,14.36988833,13.52790268,12.43332134,12.667670153168
E01016985,21.65272583,20.39132953,20.21966022,21.7572202,20.4062573,21.01083186,20.79437924,19.94349653,18.99558333,19.21203595,19.25681925,0.007463883,0.007463883,0.007463883,19.10754158,17.98795907,16.5325018,16.8441137895317
E01016974,16.64489851,15.67523707,15.54327131,16.72522549,15.68671235,16.15146133,15.98506972,15.33097857,14.60229807,14.76868968,14.80311553,0.005737642,0.005737642,0.005737642,14.6883627,13.82771645,12.70887632,12.9484189090909
E01016984,22.28056145,20.9825901,20.80594312,22.38808571,20.99795071,21.62005532,21.39732651,20.52177187,19.54637329,19.7691021,19.81518392,0.007680304,0.007680304,0.007680304,19.66157784,18.50953227,17.01187302,17.3325204099174
E01016855,5.6744951,5.343922997,5.298933894,5.701879772,5.347835093,5.506274977,5.449549586,5.22656012,4.97814203,5.034867421,5.046603709,0.001956048,0.001956048,0.001956048,5.00748275,4.714075557,4.332646207,4.41430986225895
E01016935,23.97986042,22.58289509,22.39277555,24.09558536,22.59942723,23.26897866,23.02926271,22.08693107,21.03714056,21.2768565,21.32645291,0.008266067,0.008266067,0.008266067,21.16113157,19.92122151,18.30933844,18.6544410534435
E01016981,24.68374397,23.24577336,23.05007322,24.8028658,23.26279077,23.95199561,23.70524326,22.73525125,21.65464612,21.90139848,21.95245069,0.008508702,0.008508702,0.008508702,21.78227665,20.50597138,18.84677452,19.2020069641873
E01016917,15.98535061,15.05411164,14.92737498,16.06249467,15.06513222,15.51146569,15.35166729,14.72349426,14.02368746,14.18348586,14.2165476,0.00551029,0.00551029,0.00551029,14.1063418,13.27979834,12.20529183,12.4353426336088
E01016952,2.323465586,2.1881103,2.169689167,2.33467845,2.189712138,2.254586565,2.231359918,2.140055169,2.038338475,2.061565122,2.066370635,0.000800919,0.000800919,0.000800919,2.050352258,1.93021443,1.774035254,1.80747306490358
E01016894,13.64419439,12.84934129,12.74116601,13.71004021,12.85874783,13.23971293,13.10331802,12.56714492,11.96982927,12.10622418,12.13444382,0.004703273,0.004703273,0.004703273,12.04037837,11.33488745,10.41774925,10.6141076539945
E01017004,19.98168827,18.81763955,18.65921872,20.07811834,18.83141528,19.38933212,19.18958411,18.40436782,17.52960932,17.72935732,17.7706845,0.006887862,0.006887862,0.006887862,17.63292725,16.59974792,15.25661479,15.544178292011
E01016943,15.2708963,14.38127842,14.26020617,15.34459246,14.39180644,14.81819135,14.66553502,14.06543775,13.39690834,13.54956466,13.58114873,0.005264011,0.005264011,0.005264011,13.47586851,12.68626684,11.65978466,11.879553507438
E01033328,6.954540619,6.549398473,6.494260785,6.98810269,6.554193055,6.74837361,6.678852177,6.405561025,6.101105093,6.170626526,6.185010271,0.002397291,0.002397291,0.002397291,6.137064455,5.777470835,5.309999128,5.41008436804408
E01016972,13.98006191,13.16564258,13.05480445,14.0475286,13.17528068,13.56562367,13.42587124,12.87649963,12.26448037,12.4042328,12.43314709,0.004819049,0.004819049,0.004819049,12.33676611,11.61390872,10.67419411,10.8753861024793
E01016977,18.95067346,17.84668731,17.69644067,19.04212793,17.85975223,18.38888169,18.19944028,17.45473957,16.62511684,16.81455825,16.85375302,0.006532462,0.006532462,0.006532462,16.72310378,15.74323441,14.46940424,14.7421300539945
E01016916,12.73378128,11.991965,11.89100776,12.79523352,12.00074389,12.35628897,12.22899506,11.72859827,11.1711387,11.29843262,11.32476929,0.004389445,0.004389445,0.004389445,11.23698038,10.57856356,9.722621698,9.90587802093664
E01016973,17.92516215,16.88091795,16.73880188,18.01166758,16.89327587,17.39377161,17.21458178,16.51018037,15.72545249,15.90464232,15.94171608,0.00617896,0.00617896,0.00617896,15.81813688,14.89129292,13.68639578,13.9443630898072
E01016957,12.95961786,12.20464529,12.10189754,13.02215996,12.21357988,12.57543063,12.44587913,11.93660769,11.36926144,11.49881295,11.52561671,0.004467293,0.004467293,0.004467293,11.43627084,10.76617685,9.895054655,10.0815610710744
E01016920,23.30607277,21.94835946,21.76358191,23.41854606,21.96442707,22.6151654,22.38218501,21.46633107,20.44603764,20.67901803,20.72722087,0.008033807,0.008033807,0.008033807,20.56654474,19.36147376,17.79488148,18.1302873741047
E01016944,9.329461738,8.785966724,8.711999947,9.374484993,8.792398618,9.052890311,8.959627853,8.593009915,8.184584668,8.277847126,8.297142807,0.003215947,0.003215947,0.003215947,8.23282387,7.750431847,7.123322216,7.25758578071626
E01016947,17.3382113,16.32816038,16.19069783,17.42188416,16.34011365,16.82422089,16.65089855,15.96956243,15.21053008,15.38385243,15.41971222,0.005976633,0.005976633,0.005976633,15.30017957,14.40368467,13.23824131,13.4877616044077
E01016886,20.9472259,19.72692905,19.56085314,21.04831558,19.74137043,20.32624644,20.11684639,19.29368756,18.37665975,18.5860598,18.62938395,0.007220691,0.007220691,0.007220691,18.48497012,17.4018664,15.99383157,16.2952904639118
E01016992,24.91324954,23.46190891,23.26438918,25.03347894,23.47908454,24.1746975,23.92565089,22.94664005,21.85598762,22.10503424,22.15656112,0.008587814,0.008587814,0.008587814,21.98480484,20.69663268,19.02200887,19.3805442115702
E01016904,16.64306401,15.67350944,15.54155822,16.72338214,15.68498346,16.14968121,15.98330794,15.32928888,14.6006887,14.76706197,14.80148402,0.005737009,0.005737009,0.005737009,14.68674384,13.82619244,12.70747562,12.946991814876
E01016986,16.34257777,15.39052825,15.26095938,16.42144578,15.40179511,15.85810287,15.69473342,15.05252251,14.33707701,14.50044646,14.53424703,0.005633429,0.005633429,0.005633429,14.42157845,13.57656409,12.47804542,12.7132372011019
E01016936,20.3442008,19.15903364,18.9977387,20.44238033,19.17305929,19.74109799,19.53772611,18.73826423,17.84763566,18.05100754,18.09308448,0.007012823,0.007012823,0.007012823,17.95282801,16.90090449,15.53340392,15.8261844716253
E01016892,20.29641427,19.11403095,18.95311487,20.39436318,19.12802365,19.69472808,19.4918339,18.69424989,17.80571331,18.00860749,18.05058559,0.006996351,0.006996351,0.006996351,17.91065857,16.86120592,15.49691748,15.7890103096419
E01016978,17.29365753,16.28620213,16.14909281,17.37711537,16.29812468,16.78098792,16.60811095,15.92852565,15.17144378,15.34432074,15.38008839,0.005961275,0.005961275,0.005961275,15.2608629,14.36667171,13.20422317,13.4531022809917
E01016901,38.62637198,36.37616279,36.0699213,38.81277985,36.40279249,37.48129512,37.09516455,35.57727196,33.88628635,34.27241692,34.352306,0.013314847,0.013314847,0.013314847,34.08600906,32.08878197,29.49238674,30.0482724495868
E01016927,19.28675909,18.16319402,18.01028279,19.37983549,18.17649065,18.71500408,18.52220298,17.76429517,16.91995929,17.1127604,17.15265028,0.006648314,0.006648314,0.006648314,17.019684,16.02243689,14.72601565,15.0035781818182
E01016945,4.663005429,4.391358439,4.35438873,4.68550873,4.394573196,4.524770866,4.478156885,4.294915721,4.090778634,4.137392614,4.147036886,0.001607379,0.001607379,0.001607379,4.114889313,3.873782517,3.560343683,3.62745063404959
E01016976,16.96674439,15.97833356,15.84381611,17.04862458,15.99003073,16.4637661,16.29415714,15.62741848,14.88464821,15.05425717,15.08934868,0.005848585,0.005848585,0.005848585,14.97237699,14.09508927,12.95461524,13.1987896330579
E01017007,22.30170297,21.00250001,20.8256854,22.40932925,21.01787519,21.6405701,21.41762995,20.54124452,19.56492039,19.78786055,19.8339861,0.007687592,0.007687592,0.007687592,19.68023427,18.52709554,17.0280152,17.3489668495868
E01016964,15.65821935,14.74603767,14.6218946,15.7337847,14.75683272,15.19403222,15.03750401,14.42218618,13.73670054,13.89322876,13.9256139,0.005397525,0.005397525,0.005397525,13.81766341,13.00803469,11.95551736,12.1808603063361
E01016849,10.29316487,9.69352859,9.611921284,10.34283889,9.700624877,9.988024517,9.885128349,9.480639968,9.030025718,9.132921885,9.154210747,0.003548144,0.003548144,0.003548144,9.083247873,8.551026318,7.859138296,8.0072708522314
E01016918,22.34420413,21.04252522,20.86537366,22.45203552,21.05792971,21.68181131,21.45844629,20.5803907,19.60220596,19.82557098,19.87178444,0.007702242,0.007702242,0.007702242,19.71773959,18.56240329,17.06046609,17.3820293906336
E01016956,11.01128818,10.36981707,10.28251627,11.0644278,10.37740844,10.6848591,10.57478417,10.14207584,9.660023587,9.770098512,9.792872634,0.003795687,0.003795687,0.003795687,9.716958893,9.147605833,8.407446855,8.56591417564738
E01016867,17.97273056,16.92571524,16.78322202,18.05946556,16.93810595,17.43992986,17.26026451,16.55399382,15.76718348,15.94684883,15.98402098,0.006195357,0.006195357,0.006195357,15.86011384,14.93081029,13.72271568,13.9813675724518
E01016882,22.91346433,21.57862274,21.3969579,23.02404293,21.59441968,22.23419583,22.00514017,21.10471448,20.10160866,20.33066432,20.37805515,0.007898471,0.007898471,0.007898471,20.22008573,19.03531508,17.49511324,17.8248689630854
E01016924,25.68973014,24.19315503,23.98947913,25.81370678,24.21086598,24.92815938,24.67135063,23.66182659,22.53718139,22.79399014,22.84712298,0.008855474,0.008855474,0.008855474,22.6700135,21.3416924,19.61487496,19.9845849035813
E01016856,6.319803239,5.951638211,5.901532911,6.350302117,5.955995193,6.132452988,6.069276741,5.820928733,5.544260339,5.607436587,5.620507534,0.002178491,0.002178491,0.002178491,5.576937708,5.250164015,4.825358213,4.91630872330579
E01017010,25.3609825,23.88355884,23.68248935,25.48337263,23.90104315,24.60915745,24.35563504,23.35902973,22.24877645,22.50229885,22.55475176,0.008742152,0.008742152,0.008742152,22.37990872,21.06858595,19.36386634,19.7288451526171
E01017000,18.92586294,17.82332215,17.67327222,19.01719768,17.83636997,18.36480668,18.17561329,17.43188755,16.60335098,16.79254437,16.83168783,0.00652391,0.00652391,0.00652391,16.70120963,15.72262313,14.45046067,14.7228294258953
E01016913,5.982101222,5.633609286,5.586181389,6.010970376,5.63773345,5.80476213,5.744961738,5.509884338,5.247999865,5.307800257,5.320172751,0.002062082,0.002062082,0.002062082,5.278931102,4.969618733,4.567512653,4.6536031753168
E01016864,14.65730044,13.80342806,13.68722058,14.72803543,13.81353306,14.2227855,14.07626302,13.5002781,12.85861069,13.00513317,13.03544817,0.005052499,0.005052499,0.005052499,12.93439818,12.17652329,11.19128593,11.4022242909091
E01016953,11.29041479,10.63268294,10.54316914,11.34490145,10.64046675,10.95571101,10.84284578,10.39916867,9.904896807,10.01776204,10.04111346,0.003891904,0.003891904,0.003891904,9.963275374,9.379489708,8.620568341,8.78305267129477
E01016968,5.642564705,5.313852731,5.269116782,5.669795282,5.317742814,5.475291156,5.418884959,5.197150255,4.950130015,5.006536212,5.018206459,0.001945041,0.001945041,0.001945041,4.979305634,4.687549444,4.308266398,4.38947053134986
E01016876,17.28675577,16.27970243,16.14264784,17.3701803,16.29162022,16.77429076,16.60148279,15.9221687,15.16538898,15.33819695,15.37395032,0.005958895,0.005958895,0.005958895,15.25477241,14.36093809,13.19895347,13.4477332539945
E01016877,19.35407077,18.2265844,18.07313951,19.447472,18.23992743,18.78032031,18.58684631,17.82629338,16.97901072,17.17248471,17.21251381,0.006671517,0.006671517,0.006671517,17.07908347,16.07835593,14.77741012,15.0559413509642
E01016853,14.34969432,13.51374177,13.39997308,14.41894483,13.5236347,13.92429835,13.78085087,13.21695389,12.58875286,12.73220034,12.76187913,0.004946465,0.004946465,0.004946465,12.66294983,11.92098012,10.95641948,11.1629309796143
E01016851,5.672660601,5.342195368,5.29722081,5.700036419,5.346106199,5.504494861,5.447787809,5.224870433,4.976532654,5.033239706,5.0449722,0.001955416,0.001955416,0.001955416,5.005863888,4.712551551,4.331245512,4.41288276628099
E01016862,10.2842105,9.685095856,9.603559544,10.3338413,9.69218597,9.979335591,9.876528936,9.472392433,9.022170188,9.124976842,9.146247184,0.003545057,0.003545057,0.003545057,9.075346043,8.543587486,7.852301362,8.00030505168044
E01016999,13.6030915,12.81063288,12.70278348,13.66873896,12.82001108,13.19982853,13.06384451,12.52928662,11.93377038,12.0697544,12.09788903,0.004689104,0.004689104,0.004689104,12.00410694,11.3007413,10.38636597,10.5821328396694
E01016942,15.99247049,15.06081675,14.93402363,16.06964891,15.07184224,15.5183745,15.35850493,14.7300521,14.02993361,14.18980319,14.22287965,0.005512744,0.005512744,0.005512744,14.11262477,13.28571316,12.21072807,12.4408813399449
E01016938,14.97547732,14.1030693,13.98433922,15.04774781,14.11339366,14.53153005,14.38182689,13.79333864,13.13774208,13.28744524,13.3184183,0.005162178,0.005162178,0.005162178,13.21517475,12.4408481,11.43422346,11.6497408264463
E01016854,6.648768997,6.261439814,6.208726375,6.680855438,6.266023591,6.451666572,6.385201801,6.123926494,5.832856635,5.899321406,5.913072738,0.002291889,0.002291889,0.002291889,5.867234965,5.523451666,5.076533378,5.17221815096419
E01016868,30.60910428,28.82594722,28.58326904,30.75682143,28.84704967,29.70169891,29.39571338,28.19287371,26.85286811,27.15885364,27.22216099,0.010551225,0.010551225,0.010551225,27.01113649,25.42845271,23.3709638,23.811470184022
E01016993,13.01474239,12.2565585,12.15337371,13.07755052,12.26553109,12.628921,12.49881844,11.98738079,11.4176213,11.54772386,11.57464163,0.004486295,0.004486295,0.004486295,11.48491572,10.81197144,9.937143879,10.1244436099174
E01016971,6.298661721,5.931728308,5.881790625,6.329058572,5.936070715,6.111938209,6.048973304,5.80145609,5.52571323,5.588678135,5.601705357,0.002171204,0.002171204,0.002171204,5.558281284,5.23260074,4.809216033,4.89986228892562
E01016888,19.62262661,18.47949531,18.32392123,19.71732388,18.49302349,19.04091483,18.8447562,18.07364988,17.21461039,17.41076901,17.45135355,0.006764091,0.006764091,0.006764091,17.31607174,16.30145816,14.98246051,15.264856630303
E01016960,15.98901961,15.0575669,14.93080115,16.06618137,15.06859001,15.51502592,15.35519084,14.72687363,14.02690621,14.18674129,14.21981062,0.005511555,0.005511555,0.005511555,14.10957953,13.28284635,12.20809322,12.438196830854
E01017008,12.57596381,11.8433413,11.74363528,12.63665443,11.85201139,12.20314999,12.0774337,11.58323864,11.032688,11.15840429,11.18441455,0.004335044,0.004335044,0.004335044,11.09771366,10.447457,9.602123347,9.78310846060606
E01016910,16.28055148,15.33211535,15.20303825,16.35912015,15.34333945,15.79791534,15.63516595,14.99539247,14.28266236,14.44541175,14.47908404,0.005612048,0.005612048,0.005612048,14.36684308,13.52503587,12.43068649,12.6649856352617
E01016889,12.31614422,11.59865771,11.50101161,12.37558097,11.60714867,11.95103274,11.82791375,11.34392877,10.80475251,10.9278715,10.95334439,0.004245482,0.004245482,0.004245482,10.86843475,10.2316124,9.403743345,9.58098931129477
E01016879,20.34258442,19.15751142,18.9962293,20.44075615,19.17153595,19.73952952,19.5361738,18.73677545,17.84621763,18.04957335,18.09164695,0.007012266,0.007012266,0.007012266,17.95140163,16.89956169,15.53216977,15.8249270567493
E01016975,23.28309675,21.92672193,21.74212654,23.39545916,21.9427737,22.59287051,22.3601198,21.44516874,20.42588115,20.65863186,20.70678718,0.008025887,0.008025887,0.008025887,20.54626945,19.34238647,17.77733861,18.1124138402204
E01016860,19.02003775,17.91201073,17.76121415,19.11182697,17.92512347,18.45618968,18.26605486,17.51862836,16.685969,16.87610381,16.91544205,0.006556373,0.006556373,0.006556373,16.78431459,15.80085866,14.52236595,14.7960899966942
E01016970,21.99754773,20.71606356,20.54166039,22.10370618,20.73122906,21.34543153,21.12553188,20.26109877,19.29808996,19.51798961,19.56348609,0.007582747,0.007582747,0.007582747,19.41183116,18.27441918,16.7957836,17.1123580473829
E01016930,24.00100194,22.602805,22.41251784,24.1168289,22.61935171,23.28949343,23.04956615,22.10640371,21.05568767,21.29561496,21.34525508,0.008273355,0.008273355,0.008273355,21.17978799,19.93878479,18.32548062,18.6708874842975
E01016893,26.30861138,24.77598287,24.56740029,26.43557469,24.79412048,25.52869392,25.26569849,24.2318544,23.08011581,23.34311124,23.39752409,0.009068808,0.009068808,0.009068808,23.21614793,21.85582676,20.08740924,20.466025723416
E01016991,19.93228535,18.77111464,18.61308549,20.02847701,18.78485631,19.34139375,19.1421396,18.35886469,17.48626895,17.68552309,17.72674809,0.006870833,0.006870833,0.006870833,17.58933144,16.55870655,15.21889419,15.5057467239669
E01016988,15.32235184,14.42973637,14.30825616,15.39629631,14.44029987,14.86812148,14.71495078,14.11283147,13.44204944,13.59522014,13.62691063,0.005281748,0.005281748,0.005281748,13.52127566,12.72901342,11.6990725,11.9195818490358
E01016857,13.70783706,12.90927641,12.80059655,13.77399002,12.91872683,13.30146892,13.1644378,12.62576375,12.02566195,12.16269307,12.19104434,0.004725211,0.004725211,0.004725211,12.09654012,11.38775847,10.46634233,10.6636166347107
E01016907,12.68944563,11.95021216,11.84960642,12.75068391,11.95896048,12.31326765,12.18641693,11.6877624,11.13224375,11.25909447,11.28533944,0.004374163,0.004374163,0.004374163,11.19785619,10.54173181,9.688770104,9.8713883768595
E01016969,10.66463179,10.04335541,9.958803003,10.71609847,10.05070779,10.34847931,10.24186976,9.822783915,9.355907583,9.462517139,9.484574289,0.003676192,0.003676192,0.003676192,9.411050457,8.859621719,8.14276436,8.29624282710744
E01016982,25.33433749,23.85846605,23.65760781,25.45659903,23.87593199,24.58330232,24.33004627,23.33448803,22.22540121,22.47865725,22.53105506,0.008732967,0.008732967,0.008732967,22.35639572,21.04645065,19.34352207,19.7081174391185
E01016890,6.302112601,5.934978155,5.885013112,6.332526106,5.939322941,6.115286788,6.052287386,5.804634564,5.528740631,5.591740033,5.604774392,0.002172393,0.002172393,0.002172393,5.561326528,5.235467552,4.811850883,4.9025468015427
E01016887,14.35152882,13.5154694,13.40168617,14.42078818,13.5253636,13.92607847,13.78261265,13.21864357,12.59036224,12.73382805,12.76351064,0.004947097,0.004947097,0.004947097,12.66456869,11.92250412,10.95782018,11.1643580738292
E01016863,11.70966824,11.02751245,10.93467468,11.76617818,11.0355853,11.36253571,11.24547939,10.78532697,10.27270102,10.38975734,10.41397589,0.004036425,0.004036425,0.004036425,10.33324739,9.727783677,8.940680849,9.10919880110193
E01016955,4.65060017,4.379675858,4.342804502,4.673043604,4.382882063,4.512733361,4.46624339,4.283489712,4.079895703,4.126385673,4.136004288,0.001603102,0.001603102,0.001603102,4.103942239,3.863476874,3.550871898,3.61780032088154
E01016900,22.64674299,21.32743945,21.14788926,22.7560344,21.34305251,21.97538142,21.74899206,20.85904766,19.86761837,20.09400774,20.14084692,0.00780653,0.00780653,0.00780653,19.98471632,18.81373685,17.29146354,17.6173807779614
E01017005,26.91853825,25.35037797,25.13695971,27.04844502,25.36893608,26.12053953,25.85144693,24.79363468,23.61519471,23.8842873,23.93996163,0.009279055,0.009279055,0.009279055,23.75438053,22.36252229,20.55310659,20.9405007426997
E01016948,22.95779999,21.62037558,21.43835924,23.06859254,21.63620309,22.27721716,22.04771829,21.14555035,20.14050361,20.37000247,20.41748499,0.007913754,0.007913754,0.007913754,20.25920992,19.07214684,17.52896483,17.8593586071625
E01016937,11.29224929,10.63441057,10.54488222,11.3467448,10.64219564,10.95749112,10.84460756,10.40085836,9.906506184,10.01938975,10.04274497,0.003892537,0.003892537,0.003892537,9.964894236,9.381013714,8.621969036,8.78447976727273
E01016980,25.36993688,23.89199158,23.69085109,25.49237022,23.90948205,24.61784637,24.36423446,23.36727727,22.25663198,22.51024389,22.56271532,0.008745238,0.008745238,0.008745238,22.38781055,21.07602478,19.37070327,19.735810953168
E01016865,32.65711226,30.75464691,30.49573151,32.81471294,30.77716129,31.6889938,31.36253525,30.07921543,28.64955212,28.97601067,29.04355382,0.011257191,0.011257191,0.011257191,28.81840999,27.12983128,24.93467896,25.4046589443526
E01016881,20.99134344,19.76847648,19.6020508,21.09264603,19.78294828,20.36905611,20.15921504,19.33432253,18.41536334,18.62520442,18.66861981,0.007235899,0.007235899,0.007235899,18.52390183,17.43851696,16.02751662,16.3296104286501
E01016963,17.68626596,16.65593885,16.51571682,17.7716185,16.66813207,17.16195749,16.9851558,16.29014224,15.51587276,15.69267445,15.72925411,0.00609661,0.00609661,0.00609661,15.60732191,14.69283039,13.50399142,13.758520692011
E01016961,19.66879677,18.52297579,18.36703566,19.76371685,18.5365358,19.08571627,18.8890961,18.11617544,17.25511471,17.45173488,17.49241491,0.006780006,0.006780006,0.006780006,17.3568148,16.33981393,15.0177128,15.3007733774105
E01017003,31.29874807,29.47541528,29.2272694,31.44979339,29.49699318,30.37089825,30.05801866,28.8280782,27.45788137,27.77076096,27.83549467,0.010788951,0.010788951,0.010788951,27.61971564,26.00137292,23.8975274,24.3479586909091
E01016966,12.64305736,11.90652627,11.80628831,12.70407177,11.91524261,12.26825456,12.14186756,11.64503594,11.09154808,11.21793507,11.2440841,0.004358172,0.004358172,0.004358172,11.15692066,10.50319484,9.653351275,9.83530195922865
E01016921,21.26173379,20.02311503,19.85454561,21.36434126,20.03777324,20.63143075,20.4188867,19.58336873,18.65257238,18.86511643,18.90909106,0.007329105,0.007329105,0.007329105,18.76250896,17.6631432,16.23396771,16.5399528022039
E01016951,10.32487715,9.723393444,9.641534714,10.37470421,9.730511594,10.01879669,9.915583504,9.509848932,9.057846382,9.161059562,9.182414013,0.003559075,0.003559075,0.003559075,9.111232509,8.57737123,7.883351566,8.03194050380165
E01016869,21.30812206,20.06680092,19.89786372,21.41095339,20.08149111,20.67644384,20.46343607,19.62609519,18.69326806,18.90627583,18.9503464,0.007345096,0.007345096,0.007345096,18.80344449,17.70168016,16.26938654,16.5760392198347
E01016922,19.27963922,18.15648891,18.00363414,19.37268125,18.16978063,18.70809527,18.51536534,17.75773733,16.91371313,17.10644307,17.14631823,0.00664586,0.00664586,0.00664586,17.01340103,16.01652206,14.72057941,14.9980394754821
E01016933,14.28238265,13.4503514,13.33711637,14.35130832,13.46019792,13.85898213,13.71620754,13.15495568,12.52970143,12.67247602,12.70201559,0.004923262,0.004923262,0.004923262,12.60355036,11.86506108,10.90502502,11.1105678104683
E01016858,9.315440098,8.772761926,8.698906317,9.360395686,8.779184153,9.039284342,8.946162052,8.58009512,8.172283712,8.265406002,8.284672683,0.003211113,0.003211113,0.003211113,8.220450414,7.738783398,7.112616276,7.24667805090909
E01016905,22.354993,21.05268559,20.87544848,22.46287646,21.06809751,21.69228035,21.46880748,20.59032792,19.61167087,19.83514374,19.88137951,0.007705961,0.007705961,0.007705961,19.72726029,18.57136613,17.06870372,17.3904222942149
E01016939,24.23234201,22.82066817,22.62854688,24.3492854,22.83737437,23.51397544,23.27173555,22.3194822,21.25863854,21.50087843,21.55099703,0.0083531,0.0083531,0.0083531,21.38393504,20.13097009,18.50211567,18.8508518258953
E01016859,10.95799815,10.31963149,10.23275319,11.0108806,10.32718612,10.63314884,10.52360664,10.09299244,9.613273111,9.722815319,9.745479224,0.003777318,0.003777318,0.003777318,9.669932874,9.103335244,8.366758326,8.52445873190083
E01016852,6.328757617,5.960070945,5.909894652,6.359299709,5.964434101,6.141141914,6.077876154,5.829176268,5.552115869,5.615381629,5.628471097,0.002181578,0.002181578,0.002181578,5.584839538,5.257602846,4.832195147,4.92327452385675
E01016990,18.95434246,17.85014257,17.69986684,19.04581464,17.86321002,18.39244192,18.20296383,17.45811894,16.62833559,16.81781368,16.85701604,0.006533727,0.006533727,0.006533727,16.7263415,15.74628243,14.47220563,14.7449842424242
E01016940,20.94700779,19.72672364,19.56064946,21.04809641,19.74116487,20.32603479,20.11663691,19.29348666,18.37646839,18.58586627,18.62918996,0.007220616,0.007220616,0.007220616,18.48477764,17.4016852,15.99366503,16.295120784573
E01016994,23.30768915,21.94988168,21.76509131,23.42017024,21.96595041,22.61673387,22.38373732,21.46781985,20.44745566,20.68045221,20.72865839,0.008034364,0.008034364,0.008034364,20.56797112,19.36281656,17.79611564,18.1315447889807
E01016946,26.68536368,25.13078716,24.91921758,26.81414516,25.14918452,25.8942774,25.62751575,24.57886651,23.41063446,23.67739611,23.73258817,0.009198678,0.009198678,0.009198678,23.54861462,22.16881298,20.37507085,20.7591093068871
E01016967,7.004161652,6.596128795,6.540597696,7.037963191,6.600957586,6.79652363,6.726506158,6.451265059,6.144636817,6.214654289,6.229140663,0.002414396,0.002414396,0.002414396,6.180852751,5.81869341,5.347886267,5.44868562071625
E01016906,19.68281841,18.53618059,18.38012929,19.77780615,18.54975027,19.09932224,18.9025619,18.12909024,17.26741566,17.464176,17.50488503,0.006784839,0.006784839,0.006784839,17.36918825,16.35146238,15.02841874,15.3116811019284
E01017001,21.30261856,20.06161803,19.89272447,21.40542334,20.07630443,20.6711035,20.45815074,19.62102613,18.68843993,18.90139268,18.94545187,0.007343198,0.007343198,0.007343198,18.7985879,17.69710814,16.26518446,16.5717579283747
E01016954,6.006911738,5.656974446,5.609349845,6.035900626,5.661115716,5.82883714,5.768788729,5.532736355,5.269765727,5.329814138,5.342237947,0.002070635,0.002070635,0.002070635,5.30082525,4.990230021,4.586456222,4.67290380165289
E01017002,25.92657371,24.4162011,24.21064743,26.05169334,24.43407533,25.15798173,24.89880537,23.87997413,22.74496039,23.00413676,23.05775946,0.008937116,0.008937116,0.008937116,22.87901713,21.53844972,19.79571209,20.1688305278237
E01033329,17.98535394,16.93760323,16.79500993,18.07214986,16.95000264,17.45217902,17.27238748,16.56562073,15.77825776,15.95804931,15.99524756,0.006199708,0.006199708,0.006199708,15.87125339,14.94129714,13.73235401,13.9911875614325
E01016979,32.97690552,31.05581037,30.79435955,33.1360495,31.07854522,31.9993068,31.66965142,30.37376475,28.93010153,29.25975691,29.32796147,0.011367427,0.011367427,0.011367427,29.10061294,27.3954989,25.17885065,25.6534328947658
E01017012,29.66309178,27.93504541,27.6998675,29.80624355,27.95549567,28.78373091,28.48720224,27.32153783,26.02294677,26.31947544,26.38082619,0.010225126,0.010225126,0.010225126,26.17632367,24.6425547,22.64865505,23.0755470369146
E01016871,8.330377324,7.845084747,7.779039011,8.370579076,7.850827854,8.083423705,8.000148647,7.672791524,7.308104202,7.39137926,7.408608582,0.002871554,0.002871554,0.002871554,7.351177508,6.920444451,6.360491476,6.48037686655647
E01016911,10.63798677,10.01826262,9.933921463,10.68932487,10.02559663,10.32262419,10.21628099,9.798242211,9.332532345,9.438875543,9.460877584,0.003667007,0.003667007,0.003667007,9.387537447,8.837486425,8.122420096,8.27551510479339
E01016915,23.27047337,21.91483394,21.73033863,23.38277486,21.93087701,22.58062135,22.34799683,21.43354183,20.41480687,20.64743139,20.6955606,0.008021535,0.008021535,0.008021535,20.5351299,19.33189963,17.76770028,18.1025938512397
E01016902,25.75014005,24.25004572,24.04589087,25.87440822,24.26779831,24.98677844,24.7293658,23.71746785,22.59017802,22.84759066,22.90084845,0.008876298,0.008876298,0.008876298,22.72332249,21.39187781,19.66099973,20.0315790545455
E01016996,26.70672331,25.15090248,24.93916355,26.83560788,25.16931456,25.91500384,25.64802866,24.59854005,23.42937292,23.69634809,23.75158433,0.00920604,0.00920604,0.00920604,23.56746352,22.18655746,20.39137957,20.7757254170799
E01016934,20.62538002,19.42383255,19.26030834,20.7249165,19.43805205,20.01394166,19.80775896,18.99724765,18.0943096,18.30049231,18.3431508,0.007109748,0.007109748,0.007109748,18.20095583,17.13449357,15.74809264,16.0449197399449
E01016929,28.00079047,26.36958275,26.14758407,28.1359201,26.38888699,27.17070844,26.89079705,25.79045575,24.56463694,24.84454832,24.90246102,0.009652117,0.009652117,0.009652117,24.70941869,23.26160118,21.37943843,21.7824076606061
E01016870,19.33454563,18.20819671,18.05490662,19.42785264,18.22152628,18.76137399,18.56809518,17.80830952,16.96188164,17.15516044,17.19514916,0.006664786,0.006664786,0.006664786,17.06185343,16.06213546,14.76250209,15.0407523349862
E01016880,29.67204616,27.94347815,27.70822925,29.81524114,27.96393457,28.79241983,28.49580165,27.32978536,26.0308023,26.32742048,26.38878976,0.010228213,0.010228213,0.010228213,26.1842255,24.64999353,22.65549198,23.0825128374656
E01016903,24.63228844,23.19731541,23.00202322,24.75116194,23.21429734,23.90206548,23.6558275,22.68785753,21.60950502,21.855743,21.90668879,0.008490965,0.008490965,0.008490965,21.73686949,20.4632248,18.80748669,19.1619786137741
E01017011,22.98606139,21.64699059,21.46475019,23.09699033,21.66283758,22.30464074,22.07485937,21.17158084,20.16529687,20.39507825,20.44261923,0.007923496,0.007923496,0.007923496,20.28414931,19.09562494,17.55054325,17.8813437443526
E01016850,11.98189308,11.28387863,11.18888258,12.03971676,11.29213915,11.62669046,11.50691283,11.03606284,10.51151944,10.63129707,10.65607865,0.004130263,0.004130263,0.004130263,10.57347338,9.953933928,9.148532635,9.32096826887052
E01016959,13.63685639,12.84243077,12.73431367,13.7026668,12.85183226,13.23259247,13.09627091,12.56038617,11.96339177,12.09971332,12.12791778,0.004700743,0.004700743,0.004700743,12.03390292,11.32879142,10.41214647,10.6083992683196
E01016950,9.331296237,8.787694353,8.713713032,9.376328346,8.794127512,9.054670426,8.96138963,8.594699602,8.186194044,8.279474841,8.298774316,0.003216579,0.003216579,0.003216579,8.234442732,7.751955853,7.124722911,7.25901287669421
E01017009,12.67358949,11.93527973,11.8347997,12.73475125,11.94401712,12.29788156,12.17118936,11.67315792,11.11833342,11.24502563,11.27123781,0.004368697,0.004368697,0.004368697,11.18386387,10.52855935,9.676663469,9.8590535493113
E01016878,19.65455701,18.50956558,18.35373834,19.74940837,18.52311577,19.07189865,18.87542083,18.10305975,17.2426224,17.43910022,17.4797508,0.006775097,0.006775097,0.006775097,17.34424886,16.32798428,15.00684032,15.2896959647383
E01016928,20.90655925,19.68863146,19.52287797,21.00745267,19.70304481,20.28678534,20.07779182,19.25623106,18.34098355,18.54997708,18.59321712,0.007206673,0.007206673,0.007206673,18.44908365,17.36808266,15.96278136,16.2636550082645
E01016931,18.66075797,17.57366108,17.42571298,18.75081334,17.58652613,18.10756074,17.92101748,17.18770952,16.37077871,16.55732197,16.59591712,0.006432526,0.006432526,0.006432526,16.4672666,15.5023877,14.24804513,14.5165986556474
E01016962,16.68556517,15.71353465,15.58124648,16.7660884,15.72503797,16.19092242,16.02412428,15.36843506,14.63797427,14.8047724,14.83928236,0.00575166,0.00575166,0.00575166,14.72424916,13.86150019,12.73992652,12.9800543559229
E01016909,17.28653765,16.27949702,16.14244416,17.36996113,16.29141466,16.77407911,16.60127332,15.9219678,15.16519763,15.33800342,15.37375634,0.00595882,0.00595882,0.00595882,15.25457993,14.36075689,13.19878693,13.4475635746556
E01016885,19.66167689,18.51627068,18.360387,19.75656261,18.52982579,19.07880746,18.88225847,18.10961759,17.24886855,17.44541755,17.48608286,0.006777551,0.006777551,0.006777551,17.35053183,16.3338991,15.01227656,15.2952346710744
E01017006,22.53671204,21.22381844,21.04514061,22.64547246,21.23935564,21.86861234,21.64332291,20.75770237,19.77109002,19.99637945,20.04299106,0.007768601,0.007768601,0.007768601,19.88761904,18.72232886,17.20745163,17.5317853796143
E01016995,24.60564342,23.17222262,22.97714168,24.72438834,23.18918618,23.87621035,23.63023874,22.66331583,21.58612978,21.8321014,21.88299208,0.00848178,0.00848178,0.00848178,21.71335648,20.4410895,18.78714243,19.1412508914601
E01016949,9.978438875,9.397137196,9.318025133,10.02659404,9.404016506,9.682628553,9.582878561,9.190757902,8.753921729,8.853671721,8.874309651,0.003439655,0.003439655,0.003439655,8.805516553,8.289568317,7.618835611,7.76243883460055
E01016923,20.99317794,19.77020411,19.60376389,21.09448938,19.78467717,20.37083623,20.16097681,19.33601222,18.41697272,18.62683213,18.67025132,0.007236532,0.007236532,0.007236532,18.52552069,17.44004096,16.02891732,16.331037522865
E01016897,21.97273721,20.6926984,20.51849194,22.07877593,20.70784679,21.32135652,21.10170489,20.23824676,19.2763241,19.49597573,19.54142089,0.007574194,0.007574194,0.007574194,19.38993701,18.25380789,16.77684003,17.0930574192837
E01016874,10.99704843,10.35640686,10.26921895,11.05011932,10.36398842,10.67104147,10.5611089,10.12896015,9.64753128,9.757463856,9.780208527,0.003790778,0.003790778,0.003790778,9.704392957,9.135776182,8.396574375,8.55483676650138
E01016898,17.99937558,16.95080803,16.80810357,18.08623916,16.96321711,17.46578499,17.28585328,16.57853552,15.79055872,15.97049043,16.00771768,0.006204542,0.006204542,0.006204542,15.88362685,14.95294559,13.74305995,14.0020952947658
E01016895,27.24405312,25.65692973,25.44093068,27.3755308,25.67571225,26.43640453,26.16405791,25.09345396,23.9007636,24.17311022,24.22945779,0.009391263,0.009391263,0.009391263,24.04163254,22.63294313,20.80164691,21.1937256550964
E01016932,17.65983906,16.63105147,16.49103896,17.74506407,16.64322647,17.13631402,16.9597765,16.26580144,15.49268887,15.66922639,15.70575139,0.006087501,0.006087501,0.006087501,15.58400138,14.6708763,13.48381369,13.7379626490358
E01016883,11.31177443,10.65279825,10.5631151,11.36636417,10.66059679,10.97643744,10.86335869,10.41884221,9.923635268,10.03671402,10.06010962,0.003899267,0.003899267,0.003899267,9.982124278,9.397234183,8.636877061,8.79966878501378
E01016912,7.973150169,7.508668136,7.445454605,8.011627971,7.514164965,7.736786531,7.657082514,7.343763272,6.994714644,7.074418661,7.090909148,0.002748414,0.002748414,0.002748414,7.03594086,6.6236787,6.087737892,6.20248230082645
E01016914,14.0156613,13.19916811,13.08804773,14.08329979,13.20883075,13.60016772,13.46005942,12.90928887,12.29571114,12.43581944,12.46480736,0.004831321,0.004831321,0.004831321,12.36818095,11.64348285,10.70137531,10.9030796253444
E01016861,5.667375222,5.337217892,5.292285238,5.694725533,5.34112508,5.499366166,5.44271195,5.220002272,4.971895877,5.028550093,5.040271655,0.001953594,0.001953594,0.001953594,5.001199782,4.708160732,4.327209967,4.40877115768595
E01016872,19.70234354,18.55456827,18.39836217,19.79742552,18.56815141,19.11826855,18.92131303,18.14707409,17.28454475,17.48150027,17.52224969,0.00679157,0.00679157,0.00679157,17.38641829,16.36768285,15.04332677,15.3268701179063
E01016866,25.57279744,24.08303433,23.88028551,25.69620977,24.10066467,24.81469314,24.55905331,23.55412436,22.43459824,22.69023806,22.74312906,0.008815166,0.008815166,0.008815166,22.56682573,21.24455078,19.52559336,19.8936204782369
E01016896,13.35060991,12.5728598,12.46701215,13.41503891,12.58206394,12.95483174,12.82137167,12.2967355,11.71227239,11.84573247,11.8733449,0.004602072,0.004602072,0.004602072,11.78130347,11.09099272,10.19358874,10.3857220672176
E01016875,24.65504634,23.21874753,23.02327491,24.77402967,23.23574515,23.92414872,23.67768324,22.70881896,21.62947016,21.87593563,21.92692849,0.008498809,0.008498809,0.008498809,21.7569523,20.48213088,18.82486302,19.1796824683196
E01016873,7.290626255,6.865905181,6.808102904,7.32581025,6.870931466,7.074496004,7.001614873,6.715116634,6.395947542,6.468828673,6.483907528,0.002513142,0.002513142,0.002513142,6.433644679,6.056673311,5.566610533,5.67153249939394
E01016891,13.01107339,12.25310324,12.14994754,13.07386382,12.2620733,12.62536077,12.49529489,11.98400141,11.41440254,11.54446843,11.57137861,0.00448503,0.00448503,0.00448503,11.481678,10.80892343,9.934342489,10.1215894214876
E01016997,29.97414878,28.22798155,27.99033749,30.11880169,28.24864625,29.08556664,28.78592847,27.60804052,26.29583201,26.59547017,26.65746427,0.01033235,0.01033235,0.01033235,26.45081726,24.90096469,22.88615634,23.3175248573003
E01016926,21.99064597,20.70956387,20.53521542,22.09677111,20.72472461,21.33873437,21.11890371,20.25474182,19.29203516,19.51186581,19.55734802,0.007580367,0.007580367,0.007580367,19.40574067,18.26868555,16.7905139,17.1069890203857
E01016987,26.87787159,25.31208038,25.09898454,27.00758211,25.33061046,26.08107843,25.81239237,24.75617818,23.57951851,23.84820458,23.9037948,0.009265037,0.009265037,0.009265037,23.71849406,22.32873855,20.52205639,20.9088652870523
