orig,dest,mins,flow
E01033328,114579,52,0.9070228433126177
E01016955,114579,68,0.4688874835272501
E01016894,114579,48,2.1214773505188025
E01016990,114579,79,0.7307083193587413
E01016879,114579,92,0.5898049732680494
E01016889,114579,53,1.7918150022364294
E01016972,114579,36,2.385473917245856
E01016921,114579,136,0.5045464879527916
E01016999,114579,48,1.5580389387452251
E01016859,114579,77,0.7003845593136033
E01016985,114579,70,0.4299477866356646
E01016881,114579,101,0.9639862902401574
E01016868,114579,85,3.7586435934864535
E01016977,114579,120,0.5953117089638166
E01016964,114579,41,2.371654404161061
E01016984,114579,56,1.2663727178879796
E01016919,114579,117,0.37772727861616107
E01016875,114579,57,1.667332730632685
E01016998,114579,42,3.0747832251655733
E01016877,114579,64,1.6737006983381992
E01016967,114579,53,0.7093915626557131
E01016852,114579,70,0.4726159690548136
E01016856,114579,70,0.3716032194806463
E01016909,114579,65,2.1902859897943716
E01016869,114579,88,2.557008629953113
E01017012,114579,139,1.0211523390312407
E01016957,114579,114,1.4006438855694427
E01016905,114579,29,5.6195704869595415
E01016861,114579,83,0.6577113773063552
E01016870,114579,57,0.7567806316952044
E01016882,114579,97,0.3286391535838366
E01016865,114579,103,3.57236256459694
E01016884,114579,82,0.4593045410929295
E01016898,114579,66,2.078904852351278
E01016883,114579,104,0.3007975188752757
E01016915,114579,88,1.4263538241346632
E01016873,114579,71,0.3339132269524666
E01016953,114579,60,1.1424332363434813
E01016935,114579,46,1.53552205253517
E01016901,114579,21,12.85972177621952
E01016994,114579,116,1.1267618554955845
E01016968,114579,57,0.5636842296872256
E01016920,114579,139,0.685844448045413
E01016914,114579,89,0.3330746742166111
E01016913,114579,66,0.7413135032465475
E01016954,114579,65,0.6005613828571829
E01016922,114579,134,0.3790195814931042
E01016886,114579,90,0.5163032944576116
E01016917,114579,136,0.21547544232352858
E01017002,114579,33,3.6346997819793123
E01016876,114579,56,1.4950220697903625
E01016893,114579,55,3.7739689791350255
E01016988,114579,84,0.7123594184747178
E01017010,114579,124,1.6743127422417634
E01016902,114579,23,8.54778815589543
E01016866,114579,95,2.9516419577622086
E01016862,114579,76,1.2758120212135657
E01017007,114579,118,1.6869930846128438
E01016996,114579,89,1.2810768011001117
E01016951,114579,59,1.0292435802709468
E01016895,114579,64,3.645644602275132
E01017004,114579,27,2.8528930830226598
E01016867,114579,74,2.312555542183103
E01016940,114579,22,4.7684320981819575
E01016942,114579,69,2.072227500023867
E01016952,114579,66,0.24457909423222107
E01016912,114579,58,1.0548350690628288
E01016863,114579,84,1.407032815377188
E01016851,114579,74,0.4395997173579813
E01016992,114579,110,1.252769095638865
E01016982,114579,70,0.839425649524215
E01016854,114579,67,0.5498574215296241
E01016961,114579,184,1.3588061507590468
E01016980,114579,73,0.291341309365088
E01016930,114579,14,7.76759102833612
E01016949,114579,63,1.3513386765556876
E01016945,114579,66,0.5896247084662196
E01016900,114579,74,2.4394108966699264
E01016962,114579,161,0.6620512352795315
E01016991,114579,80,0.8210355175172092
E01016927,114579,36,2.318892739447786
E01016934,114579,22,5.457838375685634
E01016908,114579,92,1.57205929498368
E01016981,114579,48,1.5305607744885146
E01016971,114579,46,0.9717622735245564
E01016948,114579,58,3.237379569220278
E01016918,114579,138,0.0905737041427725
E01016989,114579,99,1.0200093184987622
E01016888,114579,84,0.39853991431238633
E01016858,114579,82,0.5399006122990586
E01016966,114579,41,2.0991870990082107
E01016853,114579,73,0.892768889068991
E01016970,114579,34,4.527918632680777
E01016906,114579,104,2.07811348119248
E01016931,114579,50,2.042331508297741
E01016976,114579,114,0.6586614145311205
E01016944,114579,73,1.1450538205681835
E01017006,114579,33,2.8726354015288216
E01016959,114579,170,0.7786663786201787
E01016950,114579,56,0.9126724483958488
E01016887,114579,94,0.409048314039234
E01016872,114579,76,0.8246158090198423
E01016924,114579,39,1.9301245376450433
E01017000,114579,34,2.8432299776502354
E01016849,114579,79,0.6846109294035787
E01016947,114579,51,2.580005468255437
E01016975,114579,118,1.0448937834409506
E01016978,114579,117,0.7083058005491499
E01016926,114579,33,4.6505819702739615
E01016929,114579,22,4.4435609802175575
E01016874,114579,68,0.6373324770003838
E01016997,114579,104,1.4186372525378765
E01016896,114579,52,1.9975875001906167
E01016923,114579,29,3.377169174534644
E01016969,114579,58,1.2566698758392307
E01016878,114579,63,0.9022419726232486
E01016939,114579,16,8.701916814082367
E01016850,114579,69,1.0659761396460272
E01016973,114579,119,0.7058496248720065
E01016928,114579,40,1.870975291135405
E01016987,114579,91,1.341196582817938
E01017005,114579,40,2.218423865697945
E01016857,114579,85,0.7724239403747423
E01017008,114579,109,1.0776644333567815
E01016899,114579,117,0.7950389742046073
E01016979,114579,76,1.0375921485074786
E01016946,114579,60,3.765076621170635
E01017009,114579,135,0.6635216618794001
E01016911,114579,99,1.125763067251766
E01016871,114579,65,0.4300777409125418
E01016993,114579,99,0.6453903395502117
E01016904,114579,35,3.821721557219615
E01016983,114579,55,1.451486762129263
E01016943,114579,66,2.0887126883479086
E01017001,114579,21,2.9529444244450955
E01016903,114579,17,9.120879341974428
E01016897,114579,53,3.2461248901371755
E01017011,114579,138,1.3893773097221391
E01016937,114579,33,1.90572212954935
E01016956,114579,198,0.8019078256453869
E01016925,114579,23,3.7958158566505382
E01033329,114579,46,2.4016309430327487
E01016974,114579,111,0.7601644571475241
E01016907,114579,82,1.1536491660013228
E01016936,114579,50,1.7936958251236665
E01016932,114579,26,4.343488049852694
E01016910,114579,76,1.966704880940559
E01016890,114579,52,0.9031720943520607
E01016986,114579,94,0.8544062535748972
E01016892,114579,60,2.7833152681003743
E01016958,114579,185,0.9760561962885181
E01016860,114579,78,0.8996458886496642
E01016855,114579,74,0.30797386395335064
E01017003,114579,24,4.071151552068383
E01016880,114579,100,1.0461058421125347
E01016933,114579,28,2.8408988193231064
E01016941,114579,62,0.6505309530563109
E01016995,114579,103,1.3266802317926765
E01016963,114579,90,2.0266669074376464
E01016885,114579,85,0.2597509028298735
E01016864,114579,104,1.588049401184436
E01016891,114579,52,1.893941195519694
E01016938,114579,49,1.384382983432261
E01016916,114579,145,0.18079385146501312
E01016960,114579,164,0.6237575385557127
E01033328,114580,54,0.8571021817418871
E01016955,114580,67,0.4794240373111141
E01016894,114580,56,1.6835197477050219
E01016990,114580,73,0.822622149114333
E01016879,114580,86,0.6525931252253827
E01016889,114580,61,1.4511497132415736
E01016972,114580,41,1.9626941970093144
E01016921,114580,129,0.5461664070876633
E01016999,114580,42,1.9035584992775523
E01016859,114580,70,0.8080264752228454
E01016985,114580,63,0.503560844709927
E01016881,114580,95,1.05673845103365
E01016868,114580,93,3.284241709059593
E01016977,114580,114,0.6429230801470457
E01016964,114580,44,2.133281536468631
E01016984,114580,50,1.5010272608345507
E01016919,114580,111,0.40876403185096727
E01016875,114580,53,1.8596052122816389
E01016998,114580,37,3.7186546935238107
E01016877,114580,62,1.7553358554777505
E01016967,114580,51,0.7515269497864868
E01016852,114580,68,0.4936192442056965
E01016856,114580,64,0.4250661945890191
E01016909,114580,73,1.8402912872334056
E01016869,114580,96,2.244136928993672
E01017012,114580,147,0.9389376084014625
E01016957,114580,121,1.2808755958811202
E01016905,114580,41,3.3429073087953687
E01016861,114580,88,0.6024603708997491
E01016870,114580,50,0.9211434867623778
E01016882,114580,91,0.36167194049175305
E01016865,114580,111,3.1932057199733688
E01016884,114580,76,0.5147556585895319
E01016898,114580,81,1.5290545799254665
E01016883,114580,98,0.32884038278444316
E01016915,114580,101,1.1600299934269789
E01016873,114580,65,0.38119843655635344
E01016953,114580,58,1.2020311286191898
E01016935,114580,40,1.8936635444783378
E01016901,114580,37,5.498673445251745
E01016994,114580,109,1.2370275536032516
E01016968,114580,55,0.5947084837285043
E01016920,114580,133,0.7327745311702009
E01016914,114580,103,0.2675289497892014
E01016913,114580,74,0.6244105535224777
E01016954,114580,64,0.6146918809521463
E01016922,114580,127,0.4107837581684315
E01016886,114580,84,0.5725978741288799
E01016917,114580,130,0.23056379665917526
E01017002,114580,20,7.703613068769371
E01016876,114580,54,1.5788432132710197
E01016893,114580,63,3.0784459733525864
E01016988,114580,78,0.7961157131050066
E01017010,114580,132,1.5244325500235862
E01016902,114580,42,3.4639496339200013
E01016866,114580,103,2.6145276923335468
E01016862,114580,81,1.159523487045945
E01017007,114580,126,1.5289049811956428
E01016996,114580,82,1.4485697043841173
E01016951,114580,58,1.0559763554900854
E01016895,114580,71,3.1200156097071248
E01017004,114580,16,6.2539033943269065
E01016867,114580,82,1.9825263728581803
E01016940,114580,22,4.7684320981819575
E01016942,114580,75,1.8286019301285545
E01016952,114580,66,0.24457909423222107
E01016912,114580,66,0.8689817325621008
E01016863,114580,90,1.2687013186949074
E01016851,114580,73,0.4486634524856517
E01016992,114580,103,1.3826244162862065
E01016982,114580,64,0.9601947662949596
E01016854,114580,65,0.575429682292795
E01016961,114580,191,1.2847960351624417
E01016980,114580,67,0.3313402181615439
E01016930,114580,20,4.5491830411114815
E01016949,114580,68,1.2050682992528794
E01016945,114580,72,0.5174791226811127
E01016900,114580,82,2.0912779601048093
E01016962,114580,167,0.6266942464473766
E01016991,114580,74,0.9228887367548054
E01016927,114580,37,2.2255216620419387
E01016934,114580,27,4.014292792378819
E01016908,114580,100,1.3872370003055086
E01016981,114580,41,1.9388162449676878
E01016971,114580,54,0.764022489209382
E01016948,114580,64,2.79296601345895
E01016918,114580,132,0.09681883710348785
E01016989,114580,93,1.1202952857057475
E01016888,114580,77,0.45410330675968286
E01016858,114580,75,0.6172238561197226
E01016966,114580,50,1.5587337079993573
E01016853,114580,67,1.015339153642886
E01016970,114580,46,2.8772675117139244
E01016906,114580,112,1.8594830960100501
E01016931,114580,49,2.1051697652307326
E01016976,114580,108,0.7143052897413783
E01016944,114580,79,1.017113815502667
E01017006,114580,26,4.107630748081192
E01016959,114580,177,0.7329340624216779
E01016950,114580,54,0.9638430965044472
E01016887,114580,88,0.4515879856641734
E01016872,114580,69,0.9532315515772743
E01016924,114580,37,2.0887172641402025
E01017000,114580,28,3.8044625906121263
E01016849,114580,72,0.7868387148849338
E01016947,114580,57,2.1835523430555503
E01016975,114580,111,1.1452773930536915
E01016978,114580,111,0.7665052306431703
E01016926,114580,45,2.920515010566548
E01016929,114580,25,3.6682181274374024
E01016874,114580,61,0.7501267729361893
E01016997,114580,98,1.550894498402629
E01016896,114580,60,1.6116990564187705
E01016923,114580,28,3.559694818208647
E01016969,114580,59,1.2248564046939592
E01016878,114580,56,1.076593641378232
E01016939,114580,27,3.969622925492294
E01016850,114580,67,1.1140608580633007
E01016973,114580,113,0.7628075187635938
E01016928,114580,39,1.9433952124857936
E01016987,114580,85,1.485682945942377
E01017005,114580,33,2.960490050696952
E01016857,114580,78,0.8787032046791848
E01017008,114580,118,0.9567539983027175
E01016899,114580,131,0.671058324534599
E01016979,114580,69,1.1994259178729643
E01016946,114580,68,3.120594403200685
E01017009,114580,143,0.6086276833732004
E01016911,114580,107,1.001899412841313
E01016871,114580,58,0.5102405974549075
E01016993,114580,92,0.720432856517172
E01016904,114580,47,2.455920598584637
E01016983,114580,49,1.7260882393989307
E01016943,114580,74,1.75932886716483
E01017001,114580,9,10.52495993734691
E01016903,114580,32,3.5317107327718733
E01016897,114580,61,2.6289618055376303
E01017011,114580,146,1.2767608227756582
E01016937,114580,35,1.744730770221017
E01016956,114580,204,0.766790963122592
E01016925,114580,31,2.425796409831369
E01033329,114580,45,2.48212842063846
E01016974,114580,105,0.8262435440556802
E01016907,114580,90,1.003299904404152
E01016936,114580,48,1.9069615995283986
E01016932,114580,35,2.7809718091151074
E01016910,114580,84,1.6925466787811334
E01016890,114580,60,0.7286998001900186
E01016986,114580,87,0.959571454143751
E01016892,114580,68,2.306884805249069
E01016958,114580,192,0.9231676393993704
E01016860,114580,72,1.014412889729146
E01016855,114580,67,0.3574779324436441
E01017003,114580,10,15.136802074605432
E01016880,114580,94,1.1478465865854415
E01016933,114580,27,3.0001790014423597
E01016941,114580,67,0.5790863070840506
E01016995,114580,97,1.4516586077591251
E01016963,114580,96,1.839667308003678
E01016885,114580,78,0.2954905186188152
E01016864,114580,112,1.4209767868099554
E01016891,114580,60,1.528074859018918
E01016938,114580,47,1.4736813436830765
E01016916,114580,139,0.1926253583388061
E01016960,114580,170,0.5910281923229473
E01033328,114581,124,0.24631491630743674
E01016955,114581,144,0.15215571555055335
E01016894,114581,110,0.6115207919452302
E01016990,114581,175,0.2216295251006778
E01016879,114581,191,0.19716967490583828
E01016889,114581,103,0.6613801188017515
E01016972,114581,119,0.3969245685731795
E01016921,114581,235,0.2221302762083961
E01016999,114581,185,0.2059124333596768
E01016859,114581,166,0.22126387745653397
E01016985,114581,182,0.10255473000494668
E01016881,114581,200,0.3459456902723333
E01016868,114581,101,2.901866803913811
E01016977,114581,219,0.24146273829836082
E01016964,114581,115,0.5048710039572029
E01016984,114581,166,0.2481312447437596
E01016919,114581,222,0.14451990941348644
E01016875,114581,138,0.4426046064687424
E01016998,114581,180,0.346560994334627
E01016877,114581,145,0.49079005616564236
E01016967,114581,133,0.17845238708695874
E01016852,114581,151,0.1491729337042046
E01016856,114581,162,0.10554897159622267
E01016909,114581,100,1.147812262493613
E01016869,114581,96,2.244136928993672
E01017012,114581,20,18.709739611801094
E01016957,114581,103,1.630906898267656
E01016905,114581,132,0.5786809996694006
E01016861,114581,101,0.4899710634693612
E01016870,114581,148,0.18087965418982258
E01016882,114581,209,0.10391003129442189
E01016865,114581,93,4.163772033786192
E01016884,114581,195,0.12524765425920797
E01016898,114581,149,0.6128738814403857
E01016883,114581,213,0.10262539777496654
E01016915,114581,133,0.7676686717726965
E01016873,114581,164,0.0951163932247635
E01016953,114581,140,0.3205277621618803
E01016935,114581,136,0.30205389680748895
E01016901,114581,139,0.7551588463430968
E01016994,114581,212,0.4560530123988511
E01016968,114581,131,0.16178610692650547
E01016920,114581,238,0.30611343598221114
E01016914,114581,143,0.1635394623160531
E01016913,114581,92,0.450439090906722
E01016954,114581,147,0.17658403473608975
E01016922,114581,232,0.1663745400849189
E01016886,114581,200,0.15585605056093182
E01016917,114581,241,0.09134411650578995
E01017002,114581,160,0.3404548150352582
E01016876,114581,137,0.39070484213799417
E01016893,114581,102,1.4943148167223335
E01016988,114581,177,0.23289394649183745
E01017010,114581,37,10.27227231878801
E01016902,114581,147,0.5290168463334557
E01016866,114581,96,2.9056428641211554
E01016862,114581,107,0.763715160432802
E01017007,114581,43,7.668909803190296
E01016996,114581,185,0.42746699088890133
E01016951,114581,141,0.278591277807922
E01016895,114581,95,2.015853105222266
E01017004,114581,145,0.22923405609525455
E01016867,114581,100,1.4721082679251265
E01016940,114581,138,0.30352257245601855
E01016942,114581,114,0.9757842229865443
E01016952,114581,136,0.08268502709817818
E01016912,114581,97,0.48771818491416913
E01016863,114581,105,1.0067907269620173
E01016851,114581,155,0.14501316682736012
E01016992,114581,203,0.49970765470108053
E01016982,114581,182,0.200226803165596
E01016854,114581,148,0.16748261075327342
E01016961,114581,62,6.9469904898424915
E01016980,114581,173,0.07985777454338981
E01016930,114581,162,0.19733580113749916
E01016949,114581,115,0.5479340261239195
E01016945,114581,118,0.24664287088860856
E01016900,114581,114,1.2757784503285396
E01016962,114581,27,9.640171675371036
E01016991,114581,176,0.251610014994336
E01016927,114581,182,0.20399866716573023
E01016934,114581,136,0.3550964489980055
E01016908,114581,132,0.9147233532886235
E01016981,114581,154,0.26633690812366456
E01016971,114581,104,0.2858556451060356
E01016948,114581,111,1.2227879315786003
E01016918,114581,243,0.038762461546435104
E01016989,114581,189,0.38669114313192077
E01016888,114581,185,0.12193634121695394
E01016858,114581,173,0.17618358543845802
E01016966,114581,110,0.477680932522721
E01016853,114581,155,0.2885531307076517
E01016970,114581,117,0.7093134530141142
E01016906,114581,144,1.275485513859157
E01016931,114581,198,0.2591692420624512
E01016976,114581,213,0.25789925901779914
E01016944,114581,111,0.6106969094210382
E01017006,114581,146,0.30868969697415155
E01016959,114581,43,6.120996367439782
E01016950,114581,136,0.24115075073207695
E01016887,114581,199,0.13279654400166954
E01016872,114581,168,0.25090431044506767
E01016924,114581,187,0.18383145842332743
E01017000,114581,171,0.2520787284351898
E01016849,114581,160,0.23752235526452384
E01016947,114581,116,0.7521230642423541
E01016975,114581,217,0.41899183086109787
E01016978,114581,216,0.2823702668711076
E01016926,114581,177,0.37438489116199036
E01016929,114581,170,0.2068672702352757
E01016874,114581,150,0.19453266218728266
E01016997,114581,201,0.5279919276873465
E01016896,114581,108,0.6673830832267852
E01016923,114581,177,0.22397003293184617
E01016969,114581,129,0.37885989053444075
E01016878,114581,158,0.22716855760915464
E01016939,114581,140,0.3362039780441294
E01016850,114581,150,0.33257088892799946
E01016973,114581,218,0.28467405649221605
E01016928,114581,182,0.19277510887726032
E01016987,114581,183,0.4703031549225494
E01017005,114581,150,0.30549044219296784
E01016857,114581,175,0.26147311531395934
E01017008,114581,49,3.575437384202876
E01016899,114581,110,0.8721238914060185
E01016979,114581,175,0.2969545555691463
E01016946,114581,103,1.6739591563625729
E01017009,114581,30,6.333938998817733
E01016911,114581,140,0.6694339523078963
E01016871,114581,157,0.11456910545031324
E01016993,114581,191,0.24083810505005482
E01016904,114581,138,0.488137844403825
E01016983,114581,180,0.24515929055396601
E01016943,114581,105,1.0409039573877137
E01017001,114581,157,0.14445571790425532
E01016903,114581,136,0.4030897270684008
E01016897,114581,107,1.1316271605713284
E01017011,114581,37,10.007745337249144
E01016937,114581,123,0.2648334387883179
E01016956,114581,74,3.509737673878788
E01016925,114581,167,0.19400913662948288
E01033329,114581,123,0.5492693314945125
E01016974,114581,210,0.29212120645668865
E01016907,114581,122,0.6357037729563596
E01016936,114581,131,0.4229576265427174
E01016932,114581,128,0.39763417073323576
E01016910,114581,99,1.3228383963400276
E01016890,114581,102,0.32875719654459923
E01016986,114581,184,0.3119819471478066
E01016892,114581,95,1.3970240081098533
E01016958,114581,61,5.155106749950673
E01016860,114581,171,0.27715284309090626
E01016855,114581,166,0.09166410648465415
E01017003,114581,153,0.2529280443210155
E01016880,114581,199,0.3726456130266299
E01016933,114581,132,0.27754404689624057
E01016941,114581,123,0.23280796398121822
E01016995,114581,194,0.5132388227571499
E01016963,114581,92,1.9609404234091792
E01016885,114581,197,0.07361835604073072
E01016864,114581,92,1.9086762797477277
E01016891,114581,101,0.6996638658714037
E01016938,114581,130,0.3203578305477915
E01016916,114581,250,0.07985932719818246
E01016960,114581,27,9.337614349053784
E01033328,114606,75,0.5236382288558648
E01016955,114606,73,0.42154866543613545
E01016894,114606,82,0.9501222246898636
E01016990,114606,30,3.122502586693166
E01016879,114606,24,4.426630873498202
E01016889,114606,87,0.8519774379445246
E01016972,114606,68,0.9188932354842071
E01016921,114606,73,1.282995874392589
E01016999,114606,44,1.7752566524365432
E01016859,114606,53,1.2264754130872615
E01016985,114606,8,11.128273661328612
E01016881,114606,44,3.352539499372618
E01016868,114606,119,2.2690240178879693
E01016977,114606,53,2.0281612894273287
E01016964,114606,70,1.0631147145894455
E01016984,114606,23,4.811182512592895
E01016919,114606,49,1.3936798541936049
E01016875,114606,52,1.9135047460743213
E01016998,114606,53,2.1690753266534943
E01016877,114606,60,1.843830024874544
E01016967,114606,63,0.5473800929395355
E01016852,114606,58,0.6266332875732322
E01016856,114606,46,0.6975731892927792
E01016909,114606,99,1.16524720063062
E01016869,114606,122,1.566449707606153
E01017012,114606,173,0.7354337937508223
E01016957,114606,145,0.9764117643037257
E01016905,114606,76,1.3245846912339938
E01016861,114606,108,0.4431154164203181
E01016870,114606,43,1.154993682510139
E01016882,114606,29,2.0103881140902815
E01016865,114606,137,2.328791010530599
E01016884,114606,14,6.510726683762744
E01016898,114606,130,0.7520305575033932
E01016883,114606,36,1.4769660325192016
E01016915,114606,127,0.8227079568373269
E01016873,114606,35,0.9647595342753935
E01016953,114606,69,0.9263691182468167
E01016935,114606,48,1.4405586661610739
E01016901,114606,73,1.984157872676113
E01016994,114606,54,3.547549633935221
E01016968,114606,66,0.4524100717747164
E01016920,114606,71,1.878712412150039
E01016914,114606,137,0.17439971505134103
E01016913,114606,100,0.3974823184365117
E01016954,114606,70,0.5373786126918045
E01016922,114606,69,1.0257587001044355
E01016886,114606,22,4.272033396836951
E01016917,114606,68,0.6094565857845515
E01017002,114606,58,1.559902536999686
E01016876,114606,58,1.4183638506083462
E01016893,114606,88,1.8647402801386181
E01016988,114606,37,2.436775467466407
E01017010,114606,157,1.1752212389327876
E01016902,114606,78,1.3686852918764008
E01016866,114606,129,1.8653679805140289
E01016862,114606,105,0.785639172883609
E01017007,114606,152,1.1539073279162657
E01016996,114606,41,4.097173843965607
E01016951,114606,65,0.8900740703337915
E01016895,114606,97,1.9538296168828744
E01017004,114606,52,1.0673973661559266
E01016867,114606,108,1.3116081863624158
E01016940,114606,57,1.1433977689011925
E01016942,114606,98,1.2242551944652194
E01016952,114606,77,0.1940882069351616
E01016912,114606,92,0.5280132358517696
E01016863,114606,114,0.889950555403116
E01016851,114606,62,0.573214872360539
E01016992,114606,52,3.8543845656877007
E01016982,114606,14,9.385064071965294
E01016854,114606,61,0.6329472870433884
E01016961,114606,212,1.0987033461902391
E01016980,114606,16,2.839267975028357
E01016930,114606,67,0.7419355842088751
E01016949,114606,94,0.7414523579144714
E01016945,114606,91,0.3641912349535489
E01016900,114606,108,1.3835565216105083
E01016962,114606,189,0.5205203438571561
E01016991,114606,32,3.2454278440618185
E01016927,114606,84,0.6506021330818158
E01016934,114606,62,1.1536316372207094
E01016908,114606,126,0.9808324961071864
E01016981,114606,33,2.684982906612453
E01016971,114606,80,0.4237032561784912
E01016948,114606,90,1.6748343049426062
E01016918,114606,70,0.2507111787537817
E01016989,114606,51,2.7586821647278295
E01016888,114606,17,4.377411455545063
E01016858,114606,47,1.2441931663387717
E01016966,114606,75,0.8484671621055145
E01016853,114606,52,1.4849721968438212
E01016970,114606,75,1.3820542614247822
E01016906,114606,138,1.359567076458723
E01016931,114606,88,0.8746961919607728
E01016976,114606,53,2.0778093446045403
E01016944,114606,98,0.7361580690962678
E01017006,114606,47,1.690069760418622
E01016959,114606,198,0.6194796149578902
E01016950,114606,64,0.7470110393036783
E01016887,114606,26,2.811942044556939
E01016872,114606,32,3.0181934863637077
E01016924,114606,76,0.7095154454575456
E01017000,114606,48,1.6949953416771533
E01016849,114606,57,1.1170488904892002
E01016947,114606,83,1.2426784069974952
E01016975,114606,56,3.1960466948673187
E01016978,114606,56,2.1390333240261286
E01016926,114606,93,0.9830006172951729
E01016929,114606,73,0.7351583181522525
E01016874,114606,49,1.041922217195453
E01016997,114606,47,4.669545182731171
E01016896,114606,86,0.9392109567245682
E01016923,114606,63,1.05472439058034
E01016969,114606,76,0.8378047271876587
E01016878,114606,35,2.178872333574215
E01016939,114606,63,1.1137406655000297
E01016850,114606,66,1.1394760896375362
E01016973,114606,58,2.0743910977265143
E01016928,114606,65,0.9032084751668045
E01016987,114606,43,4.129066176357921
E01017005,114606,37,2.493629514581597
E01016857,114606,47,1.8786130177524019
E01017008,114606,143,0.7171652545967592
E01016899,114606,171,0.4499591068876316
E01016979,114606,26,5.185457071325242
E01016946,114606,94,1.9200339763168175
E01017009,114606,169,0.4737243424006591
E01016911,114606,133,0.7229734139144285
E01016871,114606,42,0.8280242675448563
E01016993,114606,49,1.8534510993691313
E01016904,114606,82,1.0657131632024108
E01016983,114606,25,4.736386128910667
E01016943,114606,100,1.119939618361663
E01017001,114606,58,0.6433424745662383
E01016903,114606,67,1.1657297730210119
E01016897,114606,86,1.5704761747409834
E01017011,114606,172,0.9984956133943739
E01016937,114606,64,0.7056031743808073
E01016956,114606,226,0.6575966291748211
E01016925,114606,78,0.6077920087532372
E01033329,114606,70,1.2793693968372073
E01016974,114606,50,2.514415361013703
E01016907,114606,116,0.685658005723653
E01016936,114606,56,1.513288610003834
E01016932,114606,69,1.0046736612233458
E01016910,114606,110,1.1294592233649392
E01016890,114606,86,0.42464679356593205
E01016986,114606,46,2.4958555771824527
E01016892,114606,94,1.4193761294272145
E01016958,114606,213,0.7900653408467219
E01016860,114606,36,2.8691929330020827
E01016855,114606,42,0.7202570300310039
E01017003,114606,63,0.9572454440952708
E01016880,114606,32,5.778972928098728
E01016933,114606,63,0.8417477983179575
E01016941,114606,87,0.3913601672639373
E01016995,114606,55,3.39999329663103
E01016963,114606,120,1.3163587701376855
E01016885,114606,16,3.180573823426072
E01016864,114606,138,1.0389517710079144
E01016891,114606,85,0.9062397707243716
E01016938,114606,57,1.1034129811426503
E01016916,114606,77,0.46719649102925287
E01016960,114606,192,0.49241325668838315
E01033328,114607,65,0.6490127151334891
E01016955,114607,62,0.5385728726354361
E01016894,114607,73,1.1311389710519377
E01016990,114607,19,6.1951851098875
E01016879,114607,24,4.426630873498202
E01016889,114607,78,1.003610205307152
E01016972,114607,64,1.0063718088380955
E01016921,114607,72,1.3098175506920149
E01016999,114607,46,1.6607467681460486
E01016859,114607,42,1.7385961565737555
E01016985,114607,18,3.2972662700232918
E01016881,114607,40,3.867790399860125
E01016868,114607,110,2.5531157650689593
E01016977,114607,53,2.0281612894273287
E01016964,114607,61,1.3068701450194822
E01016984,114607,25,4.245546219527918
E01016919,114607,48,1.4374584040162126
E01016875,114607,41,2.7331204652622594
E01016998,114607,55,2.051844310735333
E01016877,114607,49,2.4983520628255333
E01016967,114607,53,0.7093915626557131
E01016852,114607,47,0.8590306604018926
E01016856,114607,35,1.0510526256220718
E01016909,114607,90,1.3443337317595838
E01016869,114607,113,1.7572701696710336
E01017012,114607,164,0.7967956689537824
E01016957,114607,135,1.0868868991322052
E01016905,114607,76,1.3245846912339938
E01016861,114607,98,0.5126410499046294
E01016870,114607,31,1.8868603194229074
E01016882,114607,36,1.453527168054325
E01016865,114607,128,2.5786738268404354
E01016884,114607,27,2.4309491339069864
E01016898,114607,132,0.7350038592696035
E01016883,114607,40,1.2610557061550087
E01016915,114607,118,0.9186038644117256
E01016873,114607,23,1.811045625938537
E01016953,114607,57,1.2338018623063098
E01016935,114607,44,1.6413975875257292
E01016901,114607,74,1.9440746403339526
E01016994,114607,54,3.547549633935221
E01016968,114607,55,0.5947084837285043
E01016920,114607,71,1.878712412150039
E01016914,114607,128,0.19311306964760977
E01016913,114607,90,0.46553683551989444
E01016954,114607,58,0.7125009495892708
E01016922,114607,68,1.048468715089641
E01016886,114607,27,3.142121787651843
E01016917,114607,68,0.6094565857845515
E01017002,114607,59,1.520412520325948
E01016876,114607,47,1.9443876657061046
E01016893,114607,79,2.192308781057561
E01016988,114607,26,4.136738591405398
E01017010,114607,148,1.2840340398485013
E01016902,114607,80,1.317681728342693
E01016866,114607,119,2.1053710220206736
E01016862,114607,94,0.9275029464839066
E01017007,114607,143,1.26453908442047
E01016996,114607,29,6.8875248658296275
E01016951,114607,54,1.1754537466004256
E01016895,114607,88,2.261102664096066
E01017004,114607,54,1.0086500225027595
E01016867,114607,98,1.5174019517356268
E01016940,114607,59,1.0857544212065466
E01016942,114607,88,1.438755711565969
E01016952,114607,66,0.24457909423222107
E01016912,114607,83,0.6161825734999152
E01016863,114607,103,1.0362566208854613
E01016851,114607,51,0.7683334128816993
E01016992,114607,48,4.346084870432025
E01016982,114607,23,4.456947735922941
E01016854,114607,49,0.8791605158988159
E01016961,114607,202,1.1812917867383568
E01016980,114607,5,16.25291826816405
E01016930,114607,69,0.7099124111548838
E01016949,114607,83,0.8936303136697097
E01016945,114607,80,0.4418314206996641
E01016900,114607,98,1.6006391146816485
E01016962,114607,179,0.5647430146457723
E01016991,114607,21,6.104751401435285
E01016927,114607,85,0.6391547537515615
E01016934,114607,64,1.099979853323184
E01016908,114607,117,1.0961547525361308
E01016981,114607,29,3.2592332192974607
E01016971,114607,71,0.5067680881678996
E01016948,114607,81,1.9615892988902361
E01016918,114607,70,0.2507111787537817
E01016989,114607,40,3.9716131892734987
E01016888,114607,12,7.381062505624961
E01016858,114607,36,1.856012288963441
E01016966,114607,66,1.027805720256293
E01016853,114607,40,2.201067447535846
E01016970,114607,71,1.5004774272316193
E01016906,114607,129,1.5043008580677195
E01016931,114607,89,0.8599956094965568
E01016976,114607,53,2.0778093446045403
E01016944,114607,88,0.8651395814500019
E01017006,114607,49,1.5876592501941484
E01016959,114607,188,0.6695577345162865
E01016950,114607,53,0.991249945451709
E01016887,114607,26,2.811942044556939
E01016872,114607,21,5.677316459028547
E01016924,114607,78,0.68240207455168
E01017000,114607,50,1.5943195021453267
E01016849,114607,46,1.5408051363390087
E01016947,114607,73,1.506577927514359
E01016975,114607,56,3.1960466948673187
E01016978,114607,55,2.1976349678056266
E01016926,114607,95,0.9521224499782175
E01016929,114607,75,0.7059489077740831
E01016874,114607,37,1.5879134695609338
E01016997,114607,42,5.527737781860479
E01016896,114607,76,1.1305517297625554
E01016923,114607,65,1.0064212044900287
E01016969,114607,65,1.059237042229954
E01016878,114607,24,3.8372225533630258
E01016939,114607,65,1.0627347125681987
E01016850,114607,54,1.5396800413333307
E01016973,114607,57,2.129219068117355
E01016928,114607,67,0.8630696304717562
E01016987,114607,32,6.431755983884912
E01017005,114607,39,2.3042924940207565
E01016857,114607,35,2.9233583006532715
E01017008,114607,134,0.7906169105243536
E01016899,114607,162,0.48797176079601
E01016979,114607,14,13.123661246698799
E01016946,114607,85,2.232915589043878
E01017009,114607,159,0.5191108091397979
E01016911,114607,124,0.8030956265788569
E01016871,114607,31,1.3057933724676016
E01016993,114607,39,2.6102273853724594
E01016904,114607,83,1.0465114154538375
E01016983,114607,27,4.219990442149047
E01016943,114607,91,1.2901271648051245
E01017001,114607,60,0.6114449183526727
E01016903,114607,69,1.1154149383504965
E01016897,114607,77,1.8537149023906985
E01017011,114607,163,1.082324339425418
E01016937,114607,59,0.7971727955069802
E01016956,114607,216,0.7037875993452669
E01016925,114607,80,0.5851428588590152
E01033329,114607,60,1.61218970079619
E01016974,114607,50,2.514415361013703
E01016907,114607,107,0.7739606282893376
E01016936,114607,49,1.848884083572805
E01016932,114607,67,1.0499931091025616
E01016910,114607,100,1.3030455098237894
E01016890,114607,77,0.5012327484786087
E01016986,114607,35,3.7605739409662005
E01016892,114607,85,1.65067239705545
E01016958,114607,203,0.8491577127150488
E01016860,114607,25,4.957965388227599
E01016855,114607,31,1.1358445557113257
E01017003,114607,65,0.9134064988379272
E01016880,114607,32,5.778972928098728
E01016933,114607,65,0.8031982958067941
E01016941,114607,77,0.4700233268609626
E01016995,114607,44,4.751635083944119
E01016963,114607,109,1.520569914391688
E01016885,114607,30,1.2388067761073158
E01016864,114607,129,1.1495541983033835
E01016891,114607,76,1.0718922172165335
E01016938,114607,47,1.4736813436830765
E01016916,114607,77,0.46719649102925287
E01016960,114607,181,0.5379770104219848
E01033328,114608,74,0.5342882960039604
E01016955,114608,87,0.3240060577104905
E01016894,114608,76,1.0648289919951561
E01016990,114608,92,0.5814373789417141
E01016879,114608,93,0.5803176083790822
E01016889,114608,81,0.9483735750751152
E01016972,114608,61,1.0815177984508189
E01016921,114608,141,0.4779482558019843
E01016999,114608,47,1.6080271480165564
E01016859,114608,91,0.5451431537742993
E01016985,114608,74,0.39556257737930894
E01016881,114608,112,0.8255167394324527
E01016868,114608,114,2.419926960369726
E01016977,114608,122,0.5807330565187538
E01016964,114608,65,1.1881113763190034
E01016984,114608,62,1.087066348921823
E01016919,114608,117,0.37772727861616107
E01016875,114608,73,1.1504036978011394
E01016998,114608,34,4.221531780693736
E01016877,114608,83,1.1332627653232294
E01016967,114608,72,0.44802379302629797
E01016852,114608,89,0.32966317864474304
E01016856,114608,84,0.2826881468765183
E01016909,114608,94,1.2594446321832846
E01016869,114608,116,1.6895428787353863
E01017012,114608,168,0.7685087458551978
E01016957,114608,141,1.0182544992832152
E01016905,114608,57,2.03933154146241
E01016861,114608,108,0.4431154164203181
E01016870,114608,70,0.5560773836090603
E01016882,114608,97,0.3286391535838366
E01016865,114608,131,2.490602520358844
E01016884,114608,83,0.4510289091101748
E01016898,114608,62,2.2833000280308386
E01016883,114608,105,0.29651065896918744
E01016915,114608,84,1.5294396678824054
E01016873,114608,85,0.25491345375370955
E01016953,114608,79,0.7561658642205648
E01016935,114608,60,1.0307798729960278
E01016901,114608,49,3.6079988850366065
E01016994,114608,123,1.0319566475460196
E01016968,114608,75,0.3734704741776763
E01016920,114608,140,0.6785092523608265
E01016914,114608,85,0.3568602974775669
E01016913,114608,94,0.4361401151570441
E01016954,114608,84,0.408797761239074
E01016922,114608,137,0.36663843846149474
E01016886,114608,91,0.5078162240694011
E01016917,114608,137,0.21312053255019411
E01017002,114608,40,2.7236385202820657
E01016876,114608,74,0.9841970631338616
E01016893,114608,83,2.035753648222441
E01016988,114608,98,0.5653000010452972
E01017010,114608,152,1.2336834203964773
E01016902,114608,51,2.5887507645717878
E01016866,114608,123,2.0035095459177343
E01016862,114608,102,0.8205533459074
E01017007,114608,147,1.2132779676285437
E01016996,114608,102,1.0441428502167156
E01016951,114608,78,0.6771022863503574
E01016895,114608,92,2.1152541164625713
E01017004,114608,36,1.8530084131338982
E01016867,114608,102,1.4290239063546193
E01016940,114608,42,1.807738836843932
E01016942,114608,95,1.2827016724497151
E01016952,114608,86,0.1644324617538331
E01016912,114608,87,0.5741794848883075
E01016863,114608,110,0.9389319720560592
E01016851,114608,93,0.3120186556128686
E01016992,114608,120,1.0994821675970383
E01016982,114608,74,0.7722923195915239
E01016854,114608,86,0.3781069135636614
E01016961,114608,211,1.1065232805572964
E01016980,114608,77,0.2689368229881521
E01016930,114608,19,4.913014020898197
E01016949,114608,89,0.8048038051169928
E01016945,114608,92,0.3582694993339875
E01016900,114608,102,1.5074130870268503
E01016962,114608,188,0.5246789495439939
E01016991,114608,93,0.65504706111537
E01016927,114608,15,8.621791643061668
E01016934,114608,47,1.7478650765926567
E01016908,114608,98,1.429919373219985
E01016981,114608,62,1.0426172374153801
E01016971,114608,75,0.4667720973975186
E01016948,114608,85,1.8247661808085744
E01016918,114608,139,0.0895980501218181
E01016989,114608,113,0.8364486143178108
E01016888,114608,87,0.3781045236104785
E01016858,114608,96,0.42621403727770096
E01016966,114608,70,0.9409788752174386
E01016853,114608,87,0.6861901173249977
E01016970,114608,62,1.8387786614598824
E01016906,114608,132,1.45331036808906
E01016931,114608,21,7.5032998443684145
E01016976,114608,121,0.602339638585901
E01016944,114608,99,0.7250323729969632
E01017006,114608,47,1.690069760418622
E01016959,114608,197,0.6242024456134965
E01016950,114608,75,0.5888505509609483
E01016887,114608,95,0.40260668285317425
E01016872,114608,90,0.6398943577843044
E01016924,114608,10,14.865593145632685
E01017000,114608,37,2.5045388855083206
E01016849,114608,92,0.544756880196188
E01016947,114608,77,1.3907203283076168
E01016975,114608,125,0.9583632172914098
E01016978,114608,124,0.6491828874892376
E01016926,114608,29,5.645224485136926
E01016929,114608,11,12.568288406911108
E01016874,114608,82,0.4812919969535401
E01016997,114608,115,1.2200415135668554
E01016896,114608,80,1.0468292445855485
E01016923,114608,19,6.368239848474582
E01016969,114608,80,0.7757614858156544
E01016878,114608,76,0.6809472377736802
E01016939,114608,44,1.9081648283765988
E01016850,114608,88,0.7401114304732953
E01016973,114608,126,0.6478535049036631
E01016928,114608,13,10.098177741634528
E01016987,114608,104,1.0977527096411543
E01017005,114608,53,1.454523396139373
E01016857,114608,99,0.6145133503972783
E01017008,114608,138,0.7564925705088656
E01016899,114608,112,0.8488680302805479
E01016979,114608,87,0.8471653537525808
E01016946,114608,89,2.0840862310292008
E01017009,114608,163,0.5001201490140981
E01016911,114608,127,0.774808197963513
E01016871,114608,78,0.3271712224703634
E01016993,114608,112,0.5363499177039047
E01016904,114608,63,1.5825239246332243
E01016983,114608,59,1.3064087968380502
E01016943,114608,94,1.228861188197004
E01017001,114608,28,1.917993665649803
E01016903,114608,46,2.049148087827504
E01016897,114608,81,1.7181121172427243
E01017011,114608,166,1.0531171845729463
E01016937,114608,55,0.8856996084292278
E01016956,114608,225,0.6619854741865836
E01016925,114608,20,4.6811428708721214
E01033329,114608,66,1.3974205149783745
E01016974,114608,119,0.6848123527587571
E01016907,114608,100,0.8566324760195064
E01016936,114608,68,1.1309422653850507
E01016932,114608,54,1.4511356555809327
E01016910,114608,104,1.2285973523836837
E01016890,114608,80,0.47330440402290047
E01016986,114608,107,0.703526615734653
E01016892,114608,89,1.5406509908044843
E01016958,114608,212,0.7956620127135541
E01016860,114608,92,0.7023147064140862
E01016855,114608,87,0.2415920074829279
E01017003,114608,31,2.7732664099766704
E01016880,114608,101,1.0306081364335753
E01016933,114608,48,1.2657005162334956
E01016941,114608,88,0.3847082428230526
E01016995,114608,116,1.110031009288772
E01016963,114608,116,1.3850299236748034
E01016885,114608,85,0.2597509028298735
E01016864,114608,132,1.1105883680878723
E01016891,114608,80,0.9925137350960307
E01016938,114608,68,0.8468119993860849
E01016916,114608,146,0.17893956462965754
E01016960,114608,191,0.4962854337722903
E01033328,114611,39,1.3964530206604786
E01016955,114611,41,1.0015121533507592
E01016894,114611,46,2.2613277280519064
E01016990,114611,34,2.588012164539891
E01016879,114611,49,1.5173859246257053
E01016889,114611,51,1.898242570254463
E01016972,114611,32,2.8464493216975573
E01016921,114611,93,0.892247063287676
E01016999,114611,55,1.270270256754185
E01016859,114611,30,2.8799886004065933
E01016985,114611,43,0.8930177561807221
E01016881,114611,58,2.2151897222763646
E01016868,114611,83,3.895313324928813
E01016977,114611,77,1.1581910536117723
E01016964,114611,34,3.1405724291292314
E01016984,114611,28,3.581842945312916
E01016919,114611,80,0.668070295154482
E01016875,114611,18,9.395627741822949
E01016998,114611,54,2.109103046094392
E01016877,114611,31,4.9648395466728275
E01016967,114611,27,1.9509861076279653
E01016852,114611,29,1.7723865878410094
E01016856,114611,24,1.8510138375994325
E01016909,114611,63,2.2954087667033187
E01016869,114611,86,2.6467232055756686
E01017012,114611,137,1.0435947511614416
E01016957,114611,109,1.498115370378023
E01016905,114611,44,3.0069146784064515
E01016861,114611,72,0.8140550005429994
E01016870,114611,10,10.298697267159271
E01016882,114611,67,0.5724857761081493
E01016865,114611,101,3.678995918777428
E01016884,114611,55,0.8361370803197102
E01016898,114611,108,0.993150082491298
E01016883,114611,71,0.5332572092796242
E01016915,114611,91,1.3564044020729087
E01016873,114611,24,1.6990426591083496
E01016953,114611,33,2.8008302938771332
E01016935,114611,12,11.524469329288591
E01016901,114611,46,3.966648952199313
E01016994,114611,73,2.2570169986274666
E01016968,114611,30,1.4762716715306967
E01016920,114611,96,1.1949259099332021
E01016914,114611,101,0.2755145639984424
E01016913,114611,64,0.776332653196312
E01016954,114611,38,1.3435444612796454
E01016922,114611,90,0.6885810730445393
E01016886,114611,58,0.9979911039948941
E01016917,114611,99,0.3469391830904189
E01017002,114611,35,3.3276480614907555
E01016876,114611,24,5.3285958447896915
E01016893,114611,52,4.105228590660937
E01016988,114611,38,2.3412225845639374
E01017010,114611,121,1.7369649488989505
E01016902,114611,52,2.514435437662083
E01016866,114611,93,3.0473662989261125
E01016862,114611,69,1.474801063961996
E01017007,114611,116,1.7308097357843033
E01016996,114611,43,3.8146745617985895
E01016951,114611,32,2.576743663996711
E01016895,114611,61,3.917865633317866
E01017004,114611,26,3.019055663318064
E01016867,114611,72,2.4095780992838884
E01016940,114611,30,2.994523612017393
E01016942,114611,62,2.4328959457484647
E01016952,114611,40,0.5183764326332022
E01016912,114611,56,1.1118456717304117
E01016863,114611,77,1.6031976503145189
E01016851,114611,33,1.4761621800147906
E01016992,114611,65,2.757973088097185
E01016982,114611,44,1.6844195784269078
E01016854,114611,31,1.7471080085771473
E01016961,114611,176,1.4524969759233968
E01016980,114611,31,1.052795008392088
E01016930,114611,53,1.0545437463164555
E01016949,114611,58,1.5297943080121124
E01016945,114611,54,0.7967112287465383
E01016900,114611,72,2.541755631184284
E01016962,114611,153,0.714649786074688
E01016991,114611,35,2.8372320612594297
E01016927,114611,70,0.8552387141997325
E01016934,114611,36,2.607359652321621
E01016908,114611,90,1.6247513242315204
E01016981,114611,15,8.761441114754675
E01016971,114611,44,1.0387660983300604
E01016948,114611,54,3.60366965038866
E01016918,114611,101,0.14465674818445745
E01016989,114611,52,2.679488613259914
E01016888,114611,43,1.0881482521769708
E01016858,114611,35,1.9361211628268964
E01016966,114611,39,2.2627158716855393
E01016853,114611,26,4.2001356410470025
E01016970,114611,39,3.6857008173376955
E01016906,114611,102,2.1395331066070336
E01016931,114611,79,1.0283491823594137
E01016976,114611,71,1.3400838595595819
E01016944,114611,62,1.462927002336856
E01017006,114611,21,5.658775649186737
E01016959,114611,162,0.83705170107336
E01016950,114611,28,2.581427509051336
E01016887,114611,57,0.8662716543123086
E01016872,114611,29,3.4984449798609045
E01016924,114611,68,0.8383374618492441
E01017000,114611,44,1.931307158847181
E01016849,114611,32,2.655580662736652
E01016947,114611,47,2.9162792226570926
E01016975,114611,75,2.062069322326328
E01016978,114611,74,1.408160025187575
E01016926,114611,75,1.3573327197927623
E01016929,114611,58,1.038061718243915
E01016874,114611,21,3.71364577776452
E01016997,114611,61,3.1581053720012466
E01016896,114611,50,2.118633429864845
E01016923,114611,54,1.329104638485057
E01016969,114611,39,2.279115235690341
E01016878,114611,17,6.436658512490113
E01016939,114611,36,2.5783457226910715
E01016850,114611,36,2.8285728513104798
E01016973,114611,76,1.3829683524088938
E01016928,114611,57,1.0998811410656242
E01016987,114611,44,3.9891054056399917
E01017005,114611,15,9.66045600741782
E01016857,114611,38,2.5840964498740755
E01017008,114611,107,1.1080200782964176
E01016899,114611,135,0.6414555379523754
E01016979,114611,33,3.626403751884277
E01016946,114611,58,3.9614912769596335
E01017009,114611,133,0.6785444412960954
E01016911,114611,97,1.1607593408918417
E01016871,114611,18,2.9512652425547437
E01016993,114611,52,1.6953924190397878
E01016904,114611,51,2.172730417828915
E01016983,114611,42,2.175119780966965
E01016943,114611,64,2.187382067112623
E01017001,114611,40,1.123296041836327
E01016903,114611,41,2.435198163511649
E01016897,114611,50,3.542615533592268
E01017011,114611,136,1.4201377405336755
E01016937,114611,28,2.4383353779061
E01016956,114611,190,0.8530840766371629
E01016925,114611,63,0.8373095903300817
E01033329,114611,34,3.7794155223693657
E01016974,114611,68,1.58536278262662
E01016907,114611,80,1.1971802800709843
E01016936,114611,20,7.090205296157324
E01016932,114611,35,2.7809718091151074
E01016910,114611,74,2.0469724823344824
E01016890,114611,50,0.9579007637125933
E01016986,114611,47,2.416625823164011
E01016892,114611,58,2.9285138829870547
E01016958,114611,177,1.0429716794675368
E01016860,114611,32,3.4236435028358683
E01016855,114611,27,1.397384093151079
E01017003,114611,37,2.126823969105472
E01016880,114611,57,2.4308790119172423
E01016933,114611,33,2.2203523751699246
E01016941,114611,51,0.8719673746227603
E01016995,114611,56,3.30932983389008
E01016963,114611,83,2.2883845224582395
E01016885,114611,57,0.47301310239010963
E01016864,114611,102,1.6349849512606447
E01016891,114611,49,2.070510255651959
E01016938,114611,21,4.934253187412215
E01016916,114611,108,0.2812548542543105
E01016960,114611,156,0.672348874114339
E01033328,136164,86,0.42645731030925654
E01016955,136164,108,0.23425904888493895
E01016894,136164,75,1.0861964034656268
E01016990,136164,133,0.33450855360760584
E01016879,136164,149,0.28616121337146916
E01016889,136164,68,1.232944716289074
E01016972,136164,77,0.7625921593710906
E01016921,136164,193,0.29845137668343413
E01016999,136164,129,0.3536352903161681
E01016859,136164,125,0.3386161217293647
E01016985,136164,141,0.15039524606306245
E01016881,136164,159,0.4880420375669824
E01016868,136164,102,2.8592970580205668
E01016977,136164,177,0.33231993491980993
E01016964,136164,76,0.9397380263533117
E01016984,136164,124,0.3843359934611613
E01016919,136164,180,0.19794675411984652
E01016875,136164,96,0.7628299039612962
E01016998,136164,116,0.669886853425798
E01016877,136164,104,0.8079746765197964
E01016967,136164,92,0.31018306436327336
E01016852,136164,109,0.2432291963584281
E01016856,136164,120,0.1655597107266035
E01016909,136164,59,2.532753024821678
E01016869,136164,105,1.9618791576115664
E01017012,136164,136,1.0551261200516346
E01016957,136164,131,1.1370460746484579
E01016905,136164,90,1.0278656570210167
E01016861,136164,106,0.45571538972310827
E01016870,136164,106,0.298416954762599
E01016882,136164,167,0.14547963342524386
E01016865,136164,104,3.5209621606135437
E01016884,136164,153,0.1802122759850343
E01016898,136164,33,5.880030874156828
E01016883,136164,171,0.14266915631675145
E01016915,136164,22,11.410830593077305
E01016873,136164,122,0.14824545921113444
E01016953,136164,99,0.5390200413748071
E01016935,136164,95,0.5173773327642828
E01016901,136164,97,1.295397078642066
E01016994,136164,171,0.6295423553101062
E01016968,136164,93,0.27047289239017897
E01016920,136164,196,0.40960355821815525
E01016914,136164,9,10.357688781450422
E01016913,136164,59,0.8770811893454663
E01016954,136164,105,0.2925118666176954
E01016922,136164,191,0.2227249111786701
E01016886,136164,158,0.22196424907875825
E01016917,136164,199,0.12173810266845105
E01017002,136164,118,0.5375470016617037
E01016876,136164,95,0.676619073942685
E01016893,136164,74,2.418214276059854
E01016988,136164,135,0.3496370498082624
E01017010,136164,120,1.758722181593657
E01016902,136164,106,0.8639462152273706
E01016866,136164,107,2.469297499599663
E01016862,136164,100,0.845292622056494
E01017007,136164,115,1.75343452183121
E01016996,136164,143,0.6290079296189043
E01016951,136164,99,0.47352552298785533
E01016895,136164,81,2.5604527247803395
E01017004,136164,104,0.377381957914758
E01016867,136164,91,1.6958118409657992
E01016940,136164,97,0.5150531202907281
E01016942,136164,94,1.3032246579031788
E01016952,136164,100,0.13114001699790034
E01016912,136164,55,1.1423061527620417
E01016863,136164,107,0.9786952689004546
E01016851,136164,114,0.22990462449004748
E01016992,136164,161,0.7074915301399789
E01016982,136164,141,0.2936301361142259
E01016854,136164,107,0.2724498848631078
E01016961,136164,201,1.190118352701777
E01016980,136164,132,0.1198189366601254
E01016930,136164,90,0.4765567669968547
E01016949,136164,89,0.8048038051169928
E01016945,136164,94,0.34689640364525925
E01016900,136164,44,5.320513191626799
E01016962,136164,160,0.6682676535479217
E01016991,136164,134,0.37873873806090885
E01016927,136164,78,0.7270972597443811
E01016934,136164,95,0.6082320261332289
E01016908,136164,23,12.57647435986944
E01016981,136164,112,0.42942309825452163
E01016971,136164,63,0.6062977518756885
E01016948,136164,83,1.8911173252236473
E01016918,136164,201,0.051526028889384255
E01016989,136164,148,0.5580387512058083
E01016888,136164,144,0.17756076768866766
E01016858,136164,131,0.26737922188801605
E01016966,136164,68,0.9827964174111261
E01016853,136164,114,0.4574736254105012
E01016970,136164,76,1.3548668006818088
E01016906,136164,70,3.7633291865429217
E01016931,136164,108,0.6433474898325893
E01016976,136164,171,0.3585298619691196
E01016944,136164,98,0.7361580690962678
E01017006,136164,104,0.513453843510149
E01016959,136164,185,0.6859101231423812
E01016950,136164,95,0.4130585088507721
E01016887,136164,158,0.1877071245840974
E01016872,136164,127,0.3817389402807606
E01016924,136164,97,0.49206745390798373
E01017000,136164,118,0.4397515248724351
E01016849,136164,119,0.370308791670109
E01016947,136164,83,1.2426784069974952
E01016975,136164,175,0.5785462504779607
E01016978,136164,174,0.39054916947308066
E01016926,136164,76,1.3306315756593359
E01016929,136164,89,0.5461100334950205
E01016874,136164,108,0.3184151958215265
E01016997,136164,159,0.7504567745486509
E01016896,136164,76,1.1305517297625554
E01016923,136164,100,0.52741176500686
E01016969,136164,92,0.6290446222354328
E01016878,136164,116,0.3611161130252715
E01016939,136164,98,0.5740580187576797
E01016850,136164,108,0.5443590990421909
E01016973,136164,176,0.3924312905537798
E01016928,136164,100,0.4733234692707617
E01016987,136164,142,0.6880531859518354
E01017005,136164,108,0.5000332482924179
E01016857,136164,134,0.39023562746496976
E01017008,136164,108,1.0926665887814544
E01016899,136164,55,2.4667388705919833
E01016979,136164,133,0.44819767955330403
E01016946,136164,81,2.4003422306154336
E01017009,136164,131,0.6941427867854205
E01016911,136164,65,2.116068652810362
E01016871,136164,115,0.18275540926717054
E01016993,136164,149,0.34953916924660067
E01016904,136164,96,0.8413065285002659
E01016983,136164,138,0.36520648772014064
E01016943,136164,89,1.333858001346623
E01017001,136164,107,0.2567488748259622
E01016903,136164,94,0.7014848762672915
E01016897,136164,78,1.8181810417799793
E01017011,136164,128,1.5553347565857498
E01016937,136164,82,0.486530093893486
E01016956,136164,215,0.7087034504411068
E01016925,136164,82,0.5638662633787344
E01033329,136164,85,0.9561249019905801
E01016974,136164,169,0.4046336259655008
E01016907,136164,36,3.9658910926828996
E01016936,136164,89,0.755298798511105
E01016932,136164,87,0.7096100767319938
E01016910,136164,71,2.1780711420432843
E01016890,136164,60,0.7286998001900186
E01016986,136164,143,0.4553571314923077
E01016892,136164,72,2.117339662482103
E01016958,136164,202,0.855471136860893
E01016860,136164,129,0.4229888681779131
E01016855,136164,124,0.1419805694639157
E01017003,136164,109,0.4206243256642027
E01016880,136164,157,0.531772835894886
E01016933,136164,90,0.4929797146929914
E01016941,136164,94,0.3484686553215588
E01016995,136164,152,0.7400425877846039
E01016963,136164,112,1.459886546266514
E01016885,136164,155,0.10548431987518532
E01016864,136164,103,1.611232377042446
E01016891,136164,69,1.2390757855532875
E01016938,136164,88,0.5752099159997068
E01016916,136164,208,0.1052302634249247
E01016960,136164,169,0.5962817571222908
E01033328,137063,130,0.22946064597359161
E01016955,137063,124,0.1904142652018178
E01016894,137063,138,0.4351927241722443
E01016990,137063,83,0.6785276507461061
E01016879,137063,53,1.3488894775980325
E01016889,137063,143,0.4042992322909034
E01016972,137063,129,0.35167691259715816
E01016921,137063,17,11.416583777768821
E01016999,137063,103,0.495660518019212
E01016859,137063,103,0.452706587121234
E01016985,137063,72,0.41215828375291147
E01016881,137063,54,2.465825153132377
E01016868,137063,175,1.2723378942229044
E01016977,137063,26,5.902775577399089
E01016964,137063,126,0.4402216240189421
E01016984,137063,87,0.6539803619524559
E01016919,137063,22,4.632582061207706
E01016875,137063,106,0.657469727967098
E01016998,137063,112,0.7060921848117049
E01016877,137063,113,0.7133950524510896
E01016967,137063,118,0.21353880706508171
E01016852,137063,111,0.23668513536536576
E01016856,137063,99,0.2209396878482333
E01016909,137063,155,0.5948032227007605
E01016869,137063,178,0.8888453373064786
E01017012,137063,229,0.48290256624901023
E01016957,137063,200,0.6027538780129453
E01016905,137063,140,0.5297952574566649
E01016861,137063,163,0.23898524395908197
E01016870,137063,97,0.34089818638074204
E01016882,137063,45,1.040059377571914
E01016865,137063,193,1.3927571709796804
E01016884,137063,54,0.8594703086525973
E01016898,137063,194,0.41252276626224993
E01016883,137063,38,1.3619114266194698
E01016915,137063,183,0.47563591931125465
E01016873,137063,88,0.24198984283607777
E01016953,137063,121,0.39891434096277795
E01016935,137063,109,0.42097185257770375
E01016901,137063,137,0.7717553769542659
E01016994,137063,58,3.1869637952130585
E01016968,137063,121,0.18225108087976402
E01016920,137063,23,10.189575080549629
E01016914,137063,193,0.10430152497850198
E01016913,137063,156,0.20400035199168065
E01016954,137063,120,0.23941732203574806
E01016922,137063,14,11.223460741033024
E01016886,137063,51,1.2103567491839604
E01016917,137063,10,10.80702468456402
E01017002,137063,122,0.5113281573726556
E01016876,137063,112,0.5285701217861566
E01016893,137063,145,0.8816381142334028
E01016988,137063,87,0.6758327306476505
E01017010,137063,214,0.7384965148981504
E01016902,137063,142,0.5572024120308012
E01016866,137063,185,1.0861542116892873
E01016862,137063,160,0.4176640585991256
E01017007,137063,208,0.7208440380216369
E01016996,137063,76,1.6234532548247178
E01016951,137063,119,0.35931532641712727
E01016895,137063,154,0.9767045449769477
E01017004,137063,117,0.3162658862684227
E01016867,137063,164,0.7009289210645945
E01016940,137063,121,0.3696847779001745
E01016942,137063,153,0.6275869765623023
E01016952,137063,132,0.08647176803403357
E01016912,137063,148,0.2587819476717124
E01016863,137063,168,0.4974612225526046
E01016851,137063,112,0.236090194580742
E01016992,137063,67,2.635407969965614
E01016982,137063,74,0.7722923195915239
E01016854,137063,113,0.2510409848495244
E01016961,137063,267,0.7773513310610837
E01016980,137063,70,0.3102696515036181
E01016930,137063,132,0.26829804502293897
E01016949,137063,149,0.371531489260099
E01016945,137063,146,0.1792100224168115
E01016900,137063,164,0.7393784134680403
E01016962,137063,244,0.3548507069293845
E01016991,137063,81,0.8058781801306771
E01016927,137063,146,0.28392597658912405
E01016934,137063,126,0.3981978164524706
E01016908,137063,182,0.5649936695183813
E01016981,137063,95,0.5497016329427018
E01016971,137063,136,0.1911562136173712
E01016948,137063,146,0.8105994939282962
E01016918,137063,4,18.35400187849623
E01016989,137063,81,1.3782544486441344
E01016888,137063,55,0.7522231899167
E01016858,137063,96,0.42621403727770096
E01016966,137063,132,0.3633841972677742
E01016853,137063,104,0.5250169551308753
E01016970,137063,136,0.5659898290850971
E01016906,137063,194,0.8156741025516153
E01016931,137063,144,0.4178664522419799
E01016976,137063,33,4.2291061857608465
E01016944,137063,153,0.37737492880957874
E01017006,137063,111,0.46565787283360566
E01016959,137063,253,0.4288881266333553
E01016950,137063,118,0.298382927001085
E01016887,137063,41,1.4200073826770896
E01016872,137063,86,0.6850533085137044
E01016924,137063,132,0.3099712007661436
E01017000,137063,107,0.5092777452558471
E01016849,137063,107,0.43431896980949025
E01016947,137063,139,0.5733947209217016
E01016975,137063,43,4.749987567946605
E01016978,137063,34,4.521486260149295
E01016926,137063,157,0.448155504221824
E01016929,137063,137,0.2859461904517867
E01016874,137063,103,0.3418799105797861
E01016997,137063,57,3.4963031816502146
E01016896,137063,142,0.44266818573942457
E01016923,137063,127,0.36850571875707006
E01016969,137063,131,0.37021690977740135
E01016878,137063,89,0.5373395916960044
E01016939,137063,127,0.389125166834571
E01016850,137063,116,0.4890284616871806
E01016973,137063,31,5.308723298044622
E01016928,137063,124,0.34278792199490343
E01016987,137063,76,1.7572523723319513
E01017005,137063,101,0.5529074668967918
E01016857,137063,94,0.6641900020390236
E01017008,137063,200,0.43358904744333326
E01016899,137063,228,0.2922570129216349
E01016979,137063,75,1.0584130113336758
E01016946,137063,150,0.9524974150360116
E01017009,137063,225,0.3083770015568142
E01016911,137063,189,0.42678297097519213
E01016871,137063,96,0.23961287562735478
E01016993,137063,66,1.1856577626146971
E01016904,137063,147,0.4440021841047148
E01016983,137063,89,0.705134726901241
E01016943,137063,156,0.57478802391483
E01017001,137063,122,0.2108844073760138
E01016903,137063,131,0.4263862087105043
E01016897,137063,143,0.7324449228099953
E01017011,137063,228,0.6542391984406819
E01016937,137063,125,0.25850292847495143
E01016956,137063,281,0.4743105199969477
E01016925,137063,142,0.24743684709730382
E01033329,137063,125,0.5361397388579073
E01016974,137063,49,2.5917786479481197
E01016907,137063,172,0.37975356945771505
E01016936,137063,115,0.5142295662165609
E01016932,137063,132,0.37969751613971037
E01016910,137063,166,0.6092526852222956
E01016890,137063,142,0.20014420013098413
E01016986,137063,84,1.0114333503849784
E01016892,137063,150,0.7041292554815503
E01016958,137063,268,0.5597965587463541
E01016860,137063,89,0.7381225843632253
E01016855,137063,95,0.21172689741944947
E01017003,137063,127,0.334447959631582
E01016880,137063,52,2.7897842110201037
E01016933,137063,127,0.29409472294526656
E01016941,137063,142,0.18768215581090716
E01016995,137063,72,2.2699868973081077
E01016963,137063,174,0.753914798108711
E01016885,137063,57,0.47301310239010963
E01016864,137063,194,0.6233205173066139
E01016891,137063,142,0.41970001956753233
E01016938,137063,112,0.4006114320940609
E01016916,137063,11,8.652600100657954
E01016960,137063,247,0.33747076004236826
E01033328,139409,95,0.36731429670141735
E01016955,139409,93,0.29316193939150476
E01016894,139409,101,0.6950534364042115
E01016990,139409,50,1.4512080620102654
E01016879,139409,26,3.9258178856300345
E01016889,139409,107,0.6246421785590122
E01016972,139409,88,0.6241721907327227
E01016921,139409,58,1.8116218901246264
E01016999,139409,58,1.1730004349288337
E01016859,139409,73,0.7587319293145093
E01016985,139409,27,1.7948044239215561
E01016881,139409,48,2.94232784681294
E01016868,139409,139,1.797369363041201
E01016977,139409,39,3.213064051286693
E01016964,139409,90,0.7292281499836882
E01016984,139409,43,1.8820922347645408
E01016919,139409,34,2.411230712811373
E01016875,139409,72,1.1744534677278686
E01016998,139409,68,1.492536874561531
E01016877,139409,80,1.1976027313513864
E01016967,139409,83,0.36197842379297446
E01016852,139409,78,0.40180334485061325
E01016856,139409,66,0.4058921243684735
E01016909,139409,119,0.8841998116793661
E01016869,139409,142,1.2474515455532564
E01017012,139409,193,0.6241324647443092
E01016957,139409,165,0.804375974523209
E01016905,139409,96,0.9330249777611583
E01016861,139409,128,0.3434294533540779
E01016870,139409,62,0.6671058635078766
E01016882,139409,8,13.875285381796239
E01016865,139409,157,1.89828706354297
E01016884,139409,15,5.870628914321081
E01016898,139409,150,0.6067553685686576
E01016883,139409,18,4.1774907887060735
E01016915,139409,146,0.6674550070727314
E01016873,139409,54,0.5034200471432148
E01016953,139409,88,0.6431817258870405
E01016935,139409,68,0.8543374348655886
E01016901,139409,92,1.4024221863433237
E01016994,139409,54,3.547549633935221
E01016968,139409,85,0.3095421391762279
E01016920,139409,57,2.6117736994402847
E01016914,139409,157,0.14215991107424922
E01016913,139409,119,0.30619449067734383
E01016954,139409,89,0.3748369780013429
E01016922,139409,54,1.4815905713417408
E01016886,139409,16,6.887929390036769
E01016917,139409,54,0.8612227700693192
E01017002,139409,77,1.0197726660832462
E01016876,139409,78,0.9094686648337792
E01016893,139409,108,1.3715344704172452
E01016988,139409,57,1.2744001569914858
E01017010,139409,177,0.9817687643781149
E01016902,139409,98,0.9718660041399784
E01016866,139409,148,1.5179466571155895
E01016862,139409,125,0.6048421644151548
E01017007,139409,172,0.958613725398787
E01016996,139409,60,2.3143727173727067
E01016951,139409,85,0.5952066787447777
E01016895,139409,117,1.4749099222788107
E01017004,139409,72,0.6551374072613515
E01016867,139409,127,1.0285707512666467
E01016940,139409,77,0.7282383340201014
E01016942,139409,118,0.926590958166186
E01016952,139409,96,0.139421061851028
E01016912,139409,112,0.3930968070567431
E01016863,139409,133,0.7062292388536717
E01016851,139409,82,0.3768636113883206
E01016992,139409,56,3.4488794814543033
E01016982,139409,30,2.991902339402812
E01016854,139409,81,0.41365165562866096
E01016961,139409,232,0.9597370510638669
E01016980,139409,36,0.8412645851935873
E01016930,139409,87,0.5014175448166968
E01016949,139409,114,0.5551594719771369
E01016945,139409,110,0.27403280116824863
E01016900,139409,127,1.084993053298594
E01016962,139409,209,0.44762154830314105
E01016991,139409,52,1.5667218846701607
E01016927,139409,101,0.4934604509162668
E01016934,139409,82,0.7584621508936745
E01016908,139409,145,0.7945087059395431
E01016981,139409,53,1.3191635131429393
E01016971,139409,100,0.30317737059299654
E01016948,139409,110,1.2395001515601503
E01016918,139409,56,0.35037952400784805
E01016989,139409,70,1.7155756412345764
E01016888,139409,27,2.1869814831481365
E01016858,139409,67,0.7310084455702354
E01016966,139409,95,0.5951706765260251
E01016853,139409,72,0.9114326732874266
E01016970,139409,95,0.9694637653702983
E01016906,139409,157,1.1203914606212422
E01016931,139409,99,0.733041314149348
E01016976,139409,45,2.6558327916251727
E01016944,139409,118,0.5571693007221779
E01017006,139409,67,0.992977056853955
E01016959,139409,218,0.5362163655815932
E01016950,139409,84,0.49679595574809804
E01016887,139409,24,3.170658912754375
E01016872,139409,52,1.4570250871258872
E01016924,139409,88,0.5694534576261404
E01017000,139409,63,1.1272481749961856
E01016849,139409,77,0.7114565422063153
E01016947,139409,102,0.9121696810508966
E01016975,139409,56,3.1960466948673187
E01016978,139409,55,2.1976349678056266
E01016926,139409,112,0.7437914459132594
E01016929,139409,93,0.511258737081597
E01016874,139409,68,0.6373324770003838
E01016997,139409,51,4.1311037750135355
E01016896,139409,105,0.6961885537243307
E01016923,139409,82,0.7102790985309256
E01016969,139409,95,0.5994842629959267
E01016878,139409,55,1.1060883464670572
E01016939,139409,82,0.7500222076530595
E01016850,139409,85,0.7796375198786593
E01016973,139409,57,2.129219068117355
E01016928,139409,80,0.66148965789716
E01016987,139409,63,2.3283255425093734
E01017005,139409,57,1.3041340440633764
E01016857,139409,66,1.1289331114510939
E01017008,139409,163,0.5893073939864398
E01016899,139409,191,0.3811686384245927
E01016979,139409,45,2.277342203502538
E01016946,139409,114,1.4376177202651292
E01017009,139409,188,0.4037559957367802
E01016911,139409,153,0.5859528114648304
E01016871,139409,62,0.46166767425014615
E01016993,139409,53,1.6476366655359795
E01016904,139409,102,0.7681762060685533
E01016983,139409,45,1.9612743244317281
E01016943,139409,120,0.8519669333616803
E01017001,139409,78,0.4125174376967256
E01016903,139409,87,0.7878276404968378
E01016897,139409,106,1.1476784611972166
E01017011,139409,192,0.8466170073002144
E01016937,139409,83,0.47776391884976277
E01016956,139409,246,0.5790546805713439
E01016925,139409,98,0.4315764875981161
E01033329,139409,90,0.8775649190046552
E01016974,139409,50,2.514415361013703
E01016907,139409,135,0.5461272943940696
E01016936,139409,75,0.9763643389585401
E01016932,139409,89,0.685825522405309
E01016910,139409,129,0.8893547287658062
E01016890,139409,105,0.3147687268122852
E01016986,139409,66,1.4522463562089407
E01016892,139409,114,1.0627521703028429
E01016958,139409,233,0.6905554130113296
E01016860,139409,56,1.4788749855095127
E01016855,139409,62,0.4015816938586499
E01017003,139409,83,0.6330193616940454
E01016880,139409,34,5.27663740681213
E01016933,139409,82,0.5668550691718636
E01016941,139409,107,0.2869325601752412
E01016995,139409,62,2.840760108844335
E01016963,139409,139,1.0559027961118572
E01016885,139409,7,10.991030025491915
E01016864,139409,158,0.8480635292490067
E01016891,139409,105,0.660066295780268
E01016938,139409,77,0.7027717326190763
E01016916,139409,63,0.6312840779726452
E01016960,139409,212,0.4244023579058983
